state,year,statetotal,origin,stateorigin,city,people,annualtotal
Colorado,2009,1735,Afghanistan,1,Colorado Springs,0,74654
Colorado,2010,1969,Afghanistan,4,Colorado Springs,0,73309
Colorado,2011,1557,Afghanistan,1,Colorado Springs,0,56424
Colorado,2012,1458,Afghanistan,0,Colorado Springs,0,58238
Colorado,2013,1789,Afghanistan,14,Colorado Springs,1,69926
Colorado,2014,1813,Afghanistan,10,Colorado Springs,1,69987
Colorado,2015,1730,Afghanistan,28,Colorado Springs,10,69933
Colorado,2016,1647,Afghanistan,14,Colorado Springs,0,84994
Colorado,2017,1144,Afghanistan,49,Colorado Springs,0,53716
Colorado,2018,486,Afghanistan,20,Colorado Springs,0,22491
Colorado,2009,1735,Afghanistan,1,Commerce City,0,74654
Colorado,2010,1969,Afghanistan,4,Commerce City,1,73309
Colorado,2011,1557,Afghanistan,1,Commerce City,0,56424
Colorado,2012,1458,Afghanistan,0,Commerce City,0,58238
Colorado,2013,1789,Afghanistan,14,Commerce City,0,69926
Colorado,2014,1813,Afghanistan,10,Commerce City,0,69987
Colorado,2015,1730,Afghanistan,28,Commerce City,0,69933
Colorado,2016,1647,Afghanistan,14,Commerce City,0,84994
Colorado,2017,1144,Afghanistan,49,Commerce City,0,53716
Colorado,2018,486,Afghanistan,20,Commerce City,0,22491
Colorado,2009,1735,Afghanistan,1,Denver,1,74654
Colorado,2010,1969,Afghanistan,4,Denver,1,73309
Colorado,2011,1557,Afghanistan,1,Denver,1,56424
Colorado,2012,1458,Afghanistan,0,Denver,0,58238
Colorado,2013,1789,Afghanistan,14,Denver,9,69926
Colorado,2014,1813,Afghanistan,10,Denver,9,69987
Colorado,2015,1730,Afghanistan,28,Denver,18,69933
Colorado,2016,1647,Afghanistan,14,Denver,14,84994
Colorado,2017,1144,Afghanistan,49,Denver,42,53716
Colorado,2018,486,Afghanistan,20,Denver,14,22491
Colorado,2009,1735,Afghanistan,1,Henderson,0,74654
Colorado,2010,1969,Afghanistan,4,Henderson,0,73309
Colorado,2011,1557,Afghanistan,1,Henderson,0,56424
Colorado,2012,1458,Afghanistan,0,Henderson,0,58238
Colorado,2013,1789,Afghanistan,14,Henderson,4,69926
Colorado,2014,1813,Afghanistan,10,Henderson,0,69987
Colorado,2015,1730,Afghanistan,28,Henderson,0,69933
Colorado,2016,1647,Afghanistan,14,Henderson,0,84994
Colorado,2017,1144,Afghanistan,49,Henderson,0,53716
Colorado,2018,486,Afghanistan,20,Henderson,0,22491
Colorado,2009,1735,Afghanistan,1,Highlands Ranch,0,74654
Colorado,2010,1969,Afghanistan,4,Highlands Ranch,0,73309
Colorado,2011,1557,Afghanistan,1,Highlands Ranch,0,56424
Colorado,2012,1458,Afghanistan,0,Highlands Ranch,0,58238
Colorado,2013,1789,Afghanistan,14,Highlands Ranch,0,69926
Colorado,2014,1813,Afghanistan,10,Highlands Ranch,0,69987
Colorado,2015,1730,Afghanistan,28,Highlands Ranch,0,69933
Colorado,2016,1647,Afghanistan,14,Highlands Ranch,0,84994
Colorado,2017,1144,Afghanistan,49,Highlands Ranch,7,53716
Colorado,2018,486,Afghanistan,20,Highlands Ranch,0,22491
Colorado,2009,1735,Afghanistan,1,Lakewood,0,74654
Colorado,2010,1969,Afghanistan,4,Lakewood,0,73309
Colorado,2011,1557,Afghanistan,1,Lakewood,0,56424
Colorado,2012,1458,Afghanistan,0,Lakewood,0,58238
Colorado,2013,1789,Afghanistan,14,Lakewood,0,69926
Colorado,2014,1813,Afghanistan,10,Lakewood,0,69987
Colorado,2015,1730,Afghanistan,28,Lakewood,0,69933
Colorado,2016,1647,Afghanistan,14,Lakewood,0,84994
Colorado,2017,1144,Afghanistan,49,Lakewood,0,53716
Colorado,2018,486,Afghanistan,20,Lakewood,6,22491
Colorado,2009,1735,Afghanistan,1,Thornton,0,74654
Colorado,2010,1969,Afghanistan,4,Thornton,2,73309
Colorado,2011,1557,Afghanistan,1,Thornton,0,56424
Colorado,2012,1458,Afghanistan,0,Thornton,0,58238
Colorado,2013,1789,Afghanistan,14,Thornton,0,69926
Colorado,2014,1813,Afghanistan,10,Thornton,0,69987
Colorado,2015,1730,Afghanistan,28,Thornton,0,69933
Colorado,2016,1647,Afghanistan,14,Thornton,0,84994
Colorado,2017,1144,Afghanistan,49,Thornton,0,53716
Colorado,2018,486,Afghanistan,20,Thornton,0,22491
Colorado,2009,1735,Armenia,0,Denver,0,74654
Colorado,2010,1969,Armenia,0,Denver,0,73309
Colorado,2011,1557,Armenia,0,Denver,0,56424
Colorado,2012,1458,Armenia,0,Denver,0,58238
Colorado,2013,1789,Armenia,0,Denver,0,69926
Colorado,2014,1813,Armenia,0,Denver,0,69987
Colorado,2015,1730,Armenia,0,Denver,0,69933
Colorado,2016,1647,Armenia,5,Denver,5,84994
Colorado,2017,1144,Armenia,0,Denver,0,53716
Colorado,2018,486,Armenia,0,Denver,0,22491
Colorado,2009,1735,Bangladesh,0,Denver,0,74654
Colorado,2010,1969,Bangladesh,0,Denver,0,73309
Colorado,2011,1557,Bangladesh,0,Denver,0,56424
Colorado,2012,1458,Bangladesh,0,Denver,0,58238
Colorado,2013,1789,Bangladesh,0,Denver,0,69926
Colorado,2014,1813,Bangladesh,2,Denver,2,69987
Colorado,2015,1730,Bangladesh,0,Denver,0,69933
Colorado,2016,1647,Bangladesh,0,Denver,0,84994
Colorado,2017,1144,Bangladesh,3,Denver,1,53716
Colorado,2018,486,Bangladesh,2,Denver,2,22491
Colorado,2009,1735,Bangladesh,0,Greeley,0,74654
Colorado,2010,1969,Bangladesh,0,Greeley,0,73309
Colorado,2011,1557,Bangladesh,0,Greeley,0,56424
Colorado,2012,1458,Bangladesh,0,Greeley,0,58238
Colorado,2013,1789,Bangladesh,0,Greeley,0,69926
Colorado,2014,1813,Bangladesh,2,Greeley,0,69987
Colorado,2015,1730,Bangladesh,0,Greeley,0,69933
Colorado,2016,1647,Bangladesh,0,Greeley,0,84994
Colorado,2017,1144,Bangladesh,3,Greeley,2,53716
Colorado,2018,486,Bangladesh,2,Greeley,0,22491
Colorado,2009,1735,Belarus,1,Denver,1,74654
Colorado,2010,1969,Belarus,0,Denver,0,73309
Colorado,2011,1557,Belarus,0,Denver,0,56424
Colorado,2012,1458,Belarus,5,Denver,5,58238
Colorado,2013,1789,Belarus,0,Denver,0,69926
Colorado,2014,1813,Belarus,0,Denver,0,69987
Colorado,2015,1730,Belarus,9,Denver,9,69933
Colorado,2016,1647,Belarus,15,Denver,15,84994
Colorado,2017,1144,Belarus,0,Denver,0,53716
Colorado,2018,486,Belarus,0,Denver,0,22491
Colorado,2009,1735,Bhutan,588,Aurora,54,74654
Colorado,2010,1969,Bhutan,565,Aurora,66,73309
Colorado,2011,1557,Bhutan,592,Aurora,69,56424
Colorado,2012,1458,Bhutan,540,Aurora,159,58238
Colorado,2013,1789,Bhutan,258,Aurora,70,69926
Colorado,2014,1813,Bhutan,225,Aurora,65,69987
Colorado,2015,1730,Bhutan,181,Aurora,34,69933
Colorado,2016,1647,Bhutan,170,Aurora,24,84994
Colorado,2017,1144,Bhutan,80,Aurora,3,53716
Colorado,2018,486,Bhutan,31,Aurora,7,22491
Colorado,2009,1735,Bhutan,588,Colorado Springs,61,74654
Colorado,2010,1969,Bhutan,565,Colorado Springs,47,73309
Colorado,2011,1557,Bhutan,592,Colorado Springs,52,56424
Colorado,2012,1458,Bhutan,540,Colorado Springs,39,58238
Colorado,2013,1789,Bhutan,258,Colorado Springs,14,69926
Colorado,2014,1813,Bhutan,225,Colorado Springs,9,69987
Colorado,2015,1730,Bhutan,181,Colorado Springs,1,69933
Colorado,2016,1647,Bhutan,170,Colorado Springs,0,84994
Colorado,2017,1144,Bhutan,80,Colorado Springs,0,53716
Colorado,2018,486,Bhutan,31,Colorado Springs,0,22491
Colorado,2009,1735,Bhutan,588,Denver,463,74654
Colorado,2010,1969,Bhutan,565,Denver,445,73309
Colorado,2011,1557,Bhutan,592,Denver,462,56424
Colorado,2012,1458,Bhutan,540,Denver,339,58238
Colorado,2013,1789,Bhutan,258,Denver,174,69926
Colorado,2014,1813,Bhutan,225,Denver,151,69987
Colorado,2015,1730,Bhutan,181,Denver,146,69933
Colorado,2016,1647,Bhutan,170,Denver,146,84994
Colorado,2017,1144,Bhutan,80,Denver,64,53716
Colorado,2018,486,Bhutan,31,Denver,11,22491
Colorado,2009,1735,Bhutan,588,Englewood,0,74654
Colorado,2010,1969,Bhutan,565,Englewood,7,73309
Colorado,2011,1557,Bhutan,592,Englewood,0,56424
Colorado,2012,1458,Bhutan,540,Englewood,0,58238
Colorado,2013,1789,Bhutan,258,Englewood,0,69926
Colorado,2014,1813,Bhutan,225,Englewood,0,69987
Colorado,2015,1730,Bhutan,181,Englewood,0,69933
Colorado,2016,1647,Bhutan,170,Englewood,0,84994
Colorado,2017,1144,Bhutan,80,Englewood,0,53716
Colorado,2018,486,Bhutan,31,Englewood,0,22491
Colorado,2009,1735,Bhutan,588,Glendale,0,74654
Colorado,2010,1969,Bhutan,565,Glendale,0,73309
Colorado,2011,1557,Bhutan,592,Glendale,3,56424
Colorado,2012,1458,Bhutan,540,Glendale,0,58238
Colorado,2013,1789,Bhutan,258,Glendale,0,69926
Colorado,2014,1813,Bhutan,225,Glendale,0,69987
Colorado,2015,1730,Bhutan,181,Glendale,0,69933
Colorado,2016,1647,Bhutan,170,Glendale,0,84994
Colorado,2017,1144,Bhutan,80,Glendale,0,53716
Colorado,2018,486,Bhutan,31,Glendale,0,22491
Colorado,2009,1735,Bhutan,588,Greeley,0,74654
Colorado,2010,1969,Bhutan,565,Greeley,0,73309
Colorado,2011,1557,Bhutan,592,Greeley,6,56424
Colorado,2012,1458,Bhutan,540,Greeley,3,58238
Colorado,2013,1789,Bhutan,258,Greeley,0,69926
Colorado,2014,1813,Bhutan,225,Greeley,0,69987
Colorado,2015,1730,Bhutan,181,Greeley,0,69933
Colorado,2016,1647,Bhutan,170,Greeley,0,84994
Colorado,2017,1144,Bhutan,80,Greeley,6,53716
Colorado,2018,486,Bhutan,31,Greeley,0,22491
Colorado,2009,1735,Bhutan,588,Lakewood,0,74654
Colorado,2010,1969,Bhutan,565,Lakewood,0,73309
Colorado,2011,1557,Bhutan,592,Lakewood,0,56424
Colorado,2012,1458,Bhutan,540,Lakewood,0,58238
Colorado,2013,1789,Bhutan,258,Lakewood,0,69926
Colorado,2014,1813,Bhutan,225,Lakewood,0,69987
Colorado,2015,1730,Bhutan,181,Lakewood,0,69933
Colorado,2016,1647,Bhutan,170,Lakewood,0,84994
Colorado,2017,1144,Bhutan,80,Lakewood,7,53716
Colorado,2018,486,Bhutan,31,Lakewood,13,22491
Colorado,2009,1735,Bhutan,588,Superior,10,74654
Colorado,2010,1969,Bhutan,565,Superior,0,73309
Colorado,2011,1557,Bhutan,592,Superior,0,56424
Colorado,2012,1458,Bhutan,540,Superior,0,58238
Colorado,2013,1789,Bhutan,258,Superior,0,69926
Colorado,2014,1813,Bhutan,225,Superior,0,69987
Colorado,2015,1730,Bhutan,181,Superior,0,69933
Colorado,2016,1647,Bhutan,170,Superior,0,84994
Colorado,2017,1144,Bhutan,80,Superior,0,53716
Colorado,2018,486,Bhutan,31,Superior,0,22491
Colorado,2009,1735,Burma,418,Arvada,0,74654
Colorado,2010,1969,Burma,416,Arvada,0,73309
Colorado,2011,1557,Burma,498,Arvada,0,56424
Colorado,2012,1458,Burma,382,Arvada,1,58238
Colorado,2013,1789,Burma,482,Arvada,3,69926
Colorado,2014,1813,Burma,449,Arvada,1,69987
Colorado,2015,1730,Burma,605,Arvada,0,69933
Colorado,2016,1647,Burma,503,Arvada,0,84994
Colorado,2017,1144,Burma,173,Arvada,0,53716
Colorado,2018,486,Burma,113,Arvada,0,22491
Colorado,2009,1735,Burma,418,Aurora,16,74654
Colorado,2010,1969,Burma,416,Aurora,12,73309
Colorado,2011,1557,Burma,498,Aurora,59,56424
Colorado,2012,1458,Burma,382,Aurora,83,58238
Colorado,2013,1789,Burma,482,Aurora,86,69926
Colorado,2014,1813,Burma,449,Aurora,67,69987
Colorado,2015,1730,Burma,605,Aurora,83,69933
Colorado,2016,1647,Burma,503,Aurora,72,84994
Colorado,2017,1144,Burma,173,Aurora,24,53716
Colorado,2018,486,Burma,113,Aurora,1,22491
Colorado,2009,1735,Burma,418,Boulder,5,74654
Colorado,2010,1969,Burma,416,Boulder,0,73309
Colorado,2011,1557,Burma,498,Boulder,0,56424
Colorado,2012,1458,Burma,382,Boulder,0,58238
Colorado,2013,1789,Burma,482,Boulder,0,69926
Colorado,2014,1813,Burma,449,Boulder,1,69987
Colorado,2015,1730,Burma,605,Boulder,0,69933
Colorado,2016,1647,Burma,503,Boulder,0,84994
Colorado,2017,1144,Burma,173,Boulder,0,53716
Colorado,2018,486,Burma,113,Boulder,0,22491
Colorado,2009,1735,Burma,418,NA,0,74654
Colorado,2010,1969,Burma,416,NA,0,73309
Colorado,2011,1557,Burma,498,NA,0,56424
Colorado,2012,1458,Burma,382,NA,0,58238
Colorado,2013,1789,Burma,482,NA,0,69926
Colorado,2014,1813,Burma,449,NA,0,69987
Colorado,2015,1730,Burma,605,NA,0,69933
Colorado,2016,1647,Burma,503,NA,0,84994
Colorado,2017,1144,Burma,173,NA,0,53716
Colorado,2018,486,Burma,113,NA,5,22491
Colorado,2009,1735,Burma,418,Colorado Springs,10,74654
Colorado,2010,1969,Burma,416,Colorado Springs,23,73309
Colorado,2011,1557,Burma,498,Colorado Springs,15,56424
Colorado,2012,1458,Burma,382,Colorado Springs,9,58238
Colorado,2013,1789,Burma,482,Colorado Springs,14,69926
Colorado,2014,1813,Burma,449,Colorado Springs,12,69987
Colorado,2015,1730,Burma,605,Colorado Springs,11,69933
Colorado,2016,1647,Burma,503,Colorado Springs,0,84994
Colorado,2017,1144,Burma,173,Colorado Springs,1,53716
Colorado,2018,486,Burma,113,Colorado Springs,0,22491
Colorado,2009,1735,Burma,418,Denver,0,74654
Colorado,2010,1969,Burma,416,Denver,0,73309
Colorado,2011,1557,Burma,498,Denver,0,56424
Colorado,2012,1458,Burma,382,Denver,0,58238
Colorado,2013,1789,Burma,482,Denver,0,69926
Colorado,2014,1813,Burma,449,Denver,0,69987
Colorado,2015,1730,Burma,605,Denver,2,69933
Colorado,2016,1647,Burma,503,Denver,0,84994
Colorado,2017,1144,Burma,173,Denver,0,53716
Colorado,2018,486,Burma,113,Denver,0,22491
Colorado,2009,1735,Burma,418,Denver,371,74654
Colorado,2010,1969,Burma,416,Denver,358,73309
Colorado,2011,1557,Burma,498,Denver,381,56424
Colorado,2012,1458,Burma,382,Denver,249,58238
Colorado,2013,1789,Burma,482,Denver,299,69926
Colorado,2014,1813,Burma,449,Denver,274,69987
Colorado,2015,1730,Burma,605,Denver,366,69933
Colorado,2016,1647,Burma,503,Denver,247,84994
Colorado,2017,1144,Burma,173,Denver,62,53716
Colorado,2018,486,Burma,113,Denver,24,22491
Colorado,2009,1735,Burma,418,NA,0,74654
Colorado,2010,1969,Burma,416,NA,0,73309
Colorado,2011,1557,Burma,498,NA,0,56424
Colorado,2012,1458,Burma,382,NA,0,58238
Colorado,2013,1789,Burma,482,NA,0,69926
Colorado,2014,1813,Burma,449,NA,0,69987
Colorado,2015,1730,Burma,605,NA,0,69933
Colorado,2016,1647,Burma,503,NA,0,84994
Colorado,2017,1144,Burma,173,NA,0,53716
Colorado,2018,486,Burma,113,NA,1,22491
Colorado,2009,1735,Burma,418,Grand Junction,0,74654
Colorado,2010,1969,Burma,416,Grand Junction,0,73309
Colorado,2011,1557,Burma,498,Grand Junction,0,56424
Colorado,2012,1458,Burma,382,Grand Junction,0,58238
Colorado,2013,1789,Burma,482,Grand Junction,0,69926
Colorado,2014,1813,Burma,449,Grand Junction,0,69987
Colorado,2015,1730,Burma,605,Grand Junction,0,69933
Colorado,2016,1647,Burma,503,Grand Junction,2,84994
Colorado,2017,1144,Burma,173,Grand Junction,0,53716
Colorado,2018,486,Burma,113,Grand Junction,0,22491
Colorado,2009,1735,Burma,418,Greeley,0,74654
Colorado,2010,1969,Burma,416,Greeley,17,73309
Colorado,2011,1557,Burma,498,Greeley,35,56424
Colorado,2012,1458,Burma,382,Greeley,37,58238
Colorado,2013,1789,Burma,482,Greeley,76,69926
Colorado,2014,1813,Burma,449,Greeley,93,69987
Colorado,2015,1730,Burma,605,Greeley,143,69933
Colorado,2016,1647,Burma,503,Greeley,182,84994
Colorado,2017,1144,Burma,173,Greeley,77,53716
Colorado,2018,486,Burma,113,Greeley,62,22491
Colorado,2009,1735,Burma,418,Indian Hills,4,74654
Colorado,2010,1969,Burma,416,Indian Hills,0,73309
Colorado,2011,1557,Burma,498,Indian Hills,0,56424
Colorado,2012,1458,Burma,382,Indian Hills,0,58238
Colorado,2013,1789,Burma,482,Indian Hills,0,69926
Colorado,2014,1813,Burma,449,Indian Hills,0,69987
Colorado,2015,1730,Burma,605,Indian Hills,0,69933
Colorado,2016,1647,Burma,503,Indian Hills,0,84994
Colorado,2017,1144,Burma,173,Indian Hills,0,53716
Colorado,2018,486,Burma,113,Indian Hills,0,22491
Colorado,2009,1735,Burma,418,Lafayette,0,74654
Colorado,2010,1969,Burma,416,Lafayette,0,73309
Colorado,2011,1557,Burma,498,Lafayette,1,56424
Colorado,2012,1458,Burma,382,Lafayette,1,58238
Colorado,2013,1789,Burma,482,Lafayette,3,69926
Colorado,2014,1813,Burma,449,Lafayette,0,69987
Colorado,2015,1730,Burma,605,Lafayette,0,69933
Colorado,2016,1647,Burma,503,Lafayette,0,84994
Colorado,2017,1144,Burma,173,Lafayette,1,53716
Colorado,2018,486,Burma,113,Lafayette,0,22491
Colorado,2009,1735,Burma,418,Lakewood,0,74654
Colorado,2010,1969,Burma,416,Lakewood,0,73309
Colorado,2011,1557,Burma,498,Lakewood,2,56424
Colorado,2012,1458,Burma,382,Lakewood,0,58238
Colorado,2013,1789,Burma,482,Lakewood,0,69926
Colorado,2014,1813,Burma,449,Lakewood,0,69987
Colorado,2015,1730,Burma,605,Lakewood,0,69933
Colorado,2016,1647,Burma,503,Lakewood,0,84994
Colorado,2017,1144,Burma,173,Lakewood,8,53716
Colorado,2018,486,Burma,113,Lakewood,20,22491
Colorado,2009,1735,Burma,418,Littleton,0,74654
Colorado,2010,1969,Burma,416,Littleton,6,73309
Colorado,2011,1557,Burma,498,Littleton,4,56424
Colorado,2012,1458,Burma,382,Littleton,0,58238
Colorado,2013,1789,Burma,482,Littleton,1,69926
Colorado,2014,1813,Burma,449,Littleton,0,69987
Colorado,2015,1730,Burma,605,Littleton,0,69933
Colorado,2016,1647,Burma,503,Littleton,0,84994
Colorado,2017,1144,Burma,173,Littleton,0,53716
Colorado,2018,486,Burma,113,Littleton,0,22491
Colorado,2009,1735,Burma,418,Northglenn,8,74654
Colorado,2010,1969,Burma,416,Northglenn,0,73309
Colorado,2011,1557,Burma,498,Northglenn,1,56424
Colorado,2012,1458,Burma,382,Northglenn,2,58238
Colorado,2013,1789,Burma,482,Northglenn,0,69926
Colorado,2014,1813,Burma,449,Northglenn,0,69987
Colorado,2015,1730,Burma,605,Northglenn,0,69933
Colorado,2016,1647,Burma,503,Northglenn,0,84994
Colorado,2017,1144,Burma,173,Northglenn,0,53716
Colorado,2018,486,Burma,113,Northglenn,0,22491
Colorado,2009,1735,Burma,418,Thornton,4,74654
Colorado,2010,1969,Burma,416,Thornton,0,73309
Colorado,2011,1557,Burma,498,Thornton,0,56424
Colorado,2012,1458,Burma,382,Thornton,0,58238
Colorado,2013,1789,Burma,482,Thornton,0,69926
Colorado,2014,1813,Burma,449,Thornton,1,69987
Colorado,2015,1730,Burma,605,Thornton,0,69933
Colorado,2016,1647,Burma,503,Thornton,0,84994
Colorado,2017,1144,Burma,173,Thornton,0,53716
Colorado,2018,486,Burma,113,Thornton,0,22491
Colorado,2009,1735,Burundi,9,Colorado Springs,0,74654
Colorado,2010,1969,Burundi,6,Colorado Springs,0,73309
Colorado,2011,1557,Burundi,11,Colorado Springs,0,56424
Colorado,2012,1458,Burundi,0,Colorado Springs,0,58238
Colorado,2013,1789,Burundi,0,Colorado Springs,0,69926
Colorado,2014,1813,Burundi,5,Colorado Springs,0,69987
Colorado,2015,1730,Burundi,29,Colorado Springs,9,69933
Colorado,2016,1647,Burundi,22,Colorado Springs,21,84994
Colorado,2017,1144,Burundi,0,Colorado Springs,0,53716
Colorado,2018,486,Burundi,0,Colorado Springs,0,22491
Colorado,2009,1735,Burundi,9,Denver,9,74654
Colorado,2010,1969,Burundi,6,Denver,6,73309
Colorado,2011,1557,Burundi,11,Denver,5,56424
Colorado,2012,1458,Burundi,0,Denver,0,58238
Colorado,2013,1789,Burundi,0,Denver,0,69926
Colorado,2014,1813,Burundi,5,Denver,5,69987
Colorado,2015,1730,Burundi,29,Denver,20,69933
Colorado,2016,1647,Burundi,22,Denver,1,84994
Colorado,2017,1144,Burundi,0,Denver,0,53716
Colorado,2018,486,Burundi,0,Denver,0,22491
Colorado,2009,1735,Burundi,9,Greeley,0,74654
Colorado,2010,1969,Burundi,6,Greeley,0,73309
Colorado,2011,1557,Burundi,11,Greeley,6,56424
Colorado,2012,1458,Burundi,0,Greeley,0,58238
Colorado,2013,1789,Burundi,0,Greeley,0,69926
Colorado,2014,1813,Burundi,5,Greeley,0,69987
Colorado,2015,1730,Burundi,29,Greeley,0,69933
Colorado,2016,1647,Burundi,22,Greeley,0,84994
Colorado,2017,1144,Burundi,0,Greeley,0,53716
Colorado,2018,486,Burundi,0,Greeley,0,22491
Colorado,2009,1735,Cameroon,0,Denver,0,74654
Colorado,2010,1969,Cameroon,0,Denver,0,73309
Colorado,2011,1557,Cameroon,0,Denver,0,56424
Colorado,2012,1458,Cameroon,0,Denver,0,58238
Colorado,2013,1789,Cameroon,0,Denver,0,69926
Colorado,2014,1813,Cameroon,0,Denver,0,69987
Colorado,2015,1730,Cameroon,0,Denver,0,69933
Colorado,2016,1647,Cameroon,1,Denver,1,84994
Colorado,2017,1144,Cameroon,1,Denver,1,53716
Colorado,2018,486,Cameroon,2,Denver,2,22491
Colorado,2009,1735,Canada,0,Denver,0,74654
Colorado,2010,1969,Canada,0,Denver,0,73309
Colorado,2011,1557,Canada,0,Denver,0,56424
Colorado,2012,1458,Canada,0,Denver,0,58238
Colorado,2013,1789,Canada,1,Denver,1,69926
Colorado,2014,1813,Canada,0,Denver,0,69987
Colorado,2015,1730,Canada,0,Denver,0,69933
Colorado,2016,1647,Canada,0,Denver,0,84994
Colorado,2017,1144,Canada,0,Denver,0,53716
Colorado,2018,486,Canada,0,Denver,0,22491
Colorado,2009,1735,Central African Republic,0,Boulder,0,74654
Colorado,2010,1969,Central African Republic,2,Boulder,0,73309
Colorado,2011,1557,Central African Republic,14,Boulder,0,56424
Colorado,2012,1458,Central African Republic,14,Boulder,0,58238
Colorado,2013,1789,Central African Republic,22,Boulder,0,69926
Colorado,2014,1813,Central African Republic,6,Boulder,6,69987
Colorado,2015,1730,Central African Republic,14,Boulder,0,69933
Colorado,2016,1647,Central African Republic,65,Boulder,0,84994
Colorado,2017,1144,Central African Republic,7,Boulder,0,53716
Colorado,2018,486,Central African Republic,13,Boulder,0,22491
Colorado,2009,1735,Central African Republic,0,Colorado Springs,0,74654
Colorado,2010,1969,Central African Republic,2,Colorado Springs,0,73309
Colorado,2011,1557,Central African Republic,14,Colorado Springs,0,56424
Colorado,2012,1458,Central African Republic,14,Colorado Springs,0,58238
Colorado,2013,1789,Central African Republic,22,Colorado Springs,0,69926
Colorado,2014,1813,Central African Republic,6,Colorado Springs,0,69987
Colorado,2015,1730,Central African Republic,14,Colorado Springs,0,69933
Colorado,2016,1647,Central African Republic,65,Colorado Springs,17,84994
Colorado,2017,1144,Central African Republic,7,Colorado Springs,5,53716
Colorado,2018,486,Central African Republic,13,Colorado Springs,3,22491
Colorado,2009,1735,Central African Republic,0,Denver,0,74654
Colorado,2010,1969,Central African Republic,2,Denver,0,73309
Colorado,2011,1557,Central African Republic,14,Denver,14,56424
Colorado,2012,1458,Central African Republic,14,Denver,14,58238
Colorado,2013,1789,Central African Republic,22,Denver,22,69926
Colorado,2014,1813,Central African Republic,6,Denver,0,69987
Colorado,2015,1730,Central African Republic,14,Denver,14,69933
Colorado,2016,1647,Central African Republic,65,Denver,48,84994
Colorado,2017,1144,Central African Republic,7,Denver,2,53716
Colorado,2018,486,Central African Republic,13,Denver,6,22491
Colorado,2009,1735,Central African Republic,0,Fort Morgan,0,74654
Colorado,2010,1969,Central African Republic,2,Fort Morgan,2,73309
Colorado,2011,1557,Central African Republic,14,Fort Morgan,0,56424
Colorado,2012,1458,Central African Republic,14,Fort Morgan,0,58238
Colorado,2013,1789,Central African Republic,22,Fort Morgan,0,69926
Colorado,2014,1813,Central African Republic,6,Fort Morgan,0,69987
Colorado,2015,1730,Central African Republic,14,Fort Morgan,0,69933
Colorado,2016,1647,Central African Republic,65,Fort Morgan,0,84994
Colorado,2017,1144,Central African Republic,7,Fort Morgan,0,53716
Colorado,2018,486,Central African Republic,13,Fort Morgan,0,22491
Colorado,2009,1735,Central African Republic,0,Lakewood,0,74654
Colorado,2010,1969,Central African Republic,2,Lakewood,0,73309
Colorado,2011,1557,Central African Republic,14,Lakewood,0,56424
Colorado,2012,1458,Central African Republic,14,Lakewood,0,58238
Colorado,2013,1789,Central African Republic,22,Lakewood,0,69926
Colorado,2014,1813,Central African Republic,6,Lakewood,0,69987
Colorado,2015,1730,Central African Republic,14,Lakewood,0,69933
Colorado,2016,1647,Central African Republic,65,Lakewood,0,84994
Colorado,2017,1144,Central African Republic,7,Lakewood,0,53716
Colorado,2018,486,Central African Republic,13,Lakewood,4,22491
Colorado,2009,1735,Chad,0,Denver,0,74654
Colorado,2010,1969,Chad,0,Denver,0,73309
Colorado,2011,1557,Chad,0,Denver,0,56424
Colorado,2012,1458,Chad,3,Denver,3,58238
Colorado,2013,1789,Chad,0,Denver,0,69926
Colorado,2014,1813,Chad,0,Denver,0,69987
Colorado,2015,1730,Chad,0,Denver,0,69933
Colorado,2016,1647,Chad,0,Denver,0,84994
Colorado,2017,1144,Chad,0,Denver,0,53716
Colorado,2018,486,Chad,0,Denver,0,22491
Colorado,2009,1735,China,0,Denver,0,74654
Colorado,2010,1969,China,1,Denver,1,73309
Colorado,2011,1557,China,0,Denver,0,56424
Colorado,2012,1458,China,1,Denver,1,58238
Colorado,2013,1789,China,6,Denver,6,69926
Colorado,2014,1813,China,7,Denver,7,69987
Colorado,2015,1730,China,4,Denver,4,69933
Colorado,2016,1647,China,1,Denver,1,84994
Colorado,2017,1144,China,6,Denver,6,53716
Colorado,2018,486,China,0,Denver,0,22491
Colorado,2009,1735,Colombia,0,Colorado Springs,0,74654
Colorado,2010,1969,Colombia,0,Colorado Springs,0,73309
Colorado,2011,1557,Colombia,0,Colorado Springs,0,56424
Colorado,2012,1458,Colombia,0,Colorado Springs,0,58238
Colorado,2013,1789,Colombia,5,Colorado Springs,0,69926
Colorado,2014,1813,Colombia,0,Colorado Springs,0,69987
Colorado,2015,1730,Colombia,3,Colorado Springs,0,69933
Colorado,2016,1647,Colombia,2,Colorado Springs,0,84994
Colorado,2017,1144,Colombia,6,Colorado Springs,3,53716
Colorado,2018,486,Colombia,5,Colorado Springs,0,22491
Colorado,2009,1735,Colombia,0,Denver,0,74654
Colorado,2010,1969,Colombia,0,Denver,0,73309
Colorado,2011,1557,Colombia,0,Denver,0,56424
Colorado,2012,1458,Colombia,0,Denver,0,58238
Colorado,2013,1789,Colombia,5,Denver,5,69926
Colorado,2014,1813,Colombia,0,Denver,0,69987
Colorado,2015,1730,Colombia,3,Denver,3,69933
Colorado,2016,1647,Colombia,2,Denver,2,84994
Colorado,2017,1144,Colombia,6,Denver,3,53716
Colorado,2018,486,Colombia,5,Denver,5,22491
Colorado,2009,1735,Congo,3,Colorado Springs,0,74654
Colorado,2010,1969,Congo,10,Colorado Springs,0,73309
Colorado,2011,1557,Congo,3,Colorado Springs,3,56424
Colorado,2012,1458,Congo,0,Colorado Springs,0,58238
Colorado,2013,1789,Congo,5,Colorado Springs,0,69926
Colorado,2014,1813,Congo,1,Colorado Springs,0,69987
Colorado,2015,1730,Congo,1,Colorado Springs,0,69933
Colorado,2016,1647,Congo,0,Colorado Springs,0,84994
Colorado,2017,1144,Congo,0,Colorado Springs,0,53716
Colorado,2018,486,Congo,0,Colorado Springs,0,22491
Colorado,2009,1735,Congo,3,Denver,3,74654
Colorado,2010,1969,Congo,10,Denver,10,73309
Colorado,2011,1557,Congo,3,Denver,0,56424
Colorado,2012,1458,Congo,0,Denver,0,58238
Colorado,2013,1789,Congo,5,Denver,5,69926
Colorado,2014,1813,Congo,1,Denver,0,69987
Colorado,2015,1730,Congo,1,Denver,1,69933
Colorado,2016,1647,Congo,0,Denver,0,84994
Colorado,2017,1144,Congo,0,Denver,0,53716
Colorado,2018,486,Congo,0,Denver,0,22491
Colorado,2009,1735,Congo,3,Fort Morgan,0,74654
Colorado,2010,1969,Congo,10,Fort Morgan,0,73309
Colorado,2011,1557,Congo,3,Fort Morgan,0,56424
Colorado,2012,1458,Congo,0,Fort Morgan,0,58238
Colorado,2013,1789,Congo,5,Fort Morgan,0,69926
Colorado,2014,1813,Congo,1,Fort Morgan,1,69987
Colorado,2015,1730,Congo,1,Fort Morgan,0,69933
Colorado,2016,1647,Congo,0,Fort Morgan,0,84994
Colorado,2017,1144,Congo,0,Fort Morgan,0,53716
Colorado,2018,486,Congo,0,Fort Morgan,0,22491
Colorado,2009,1735,Cuba,21,Colorado Springs,21,74654
Colorado,2010,1969,Cuba,25,Colorado Springs,20,73309
Colorado,2011,1557,Cuba,3,Colorado Springs,3,56424
Colorado,2012,1458,Cuba,19,Colorado Springs,12,58238
Colorado,2013,1789,Cuba,16,Colorado Springs,10,69926
Colorado,2014,1813,Cuba,24,Colorado Springs,9,69987
Colorado,2015,1730,Cuba,9,Colorado Springs,6,69933
Colorado,2016,1647,Cuba,0,Colorado Springs,0,84994
Colorado,2017,1144,Cuba,0,Colorado Springs,0,53716
Colorado,2018,486,Cuba,0,Colorado Springs,0,22491
Colorado,2009,1735,Cuba,21,Denver,0,74654
Colorado,2010,1969,Cuba,25,Denver,3,73309
Colorado,2011,1557,Cuba,3,Denver,0,56424
Colorado,2012,1458,Cuba,19,Denver,7,58238
Colorado,2013,1789,Cuba,16,Denver,6,69926
Colorado,2014,1813,Cuba,24,Denver,11,69987
Colorado,2015,1730,Cuba,9,Denver,3,69933
Colorado,2016,1647,Cuba,0,Denver,0,84994
Colorado,2017,1144,Cuba,0,Denver,0,53716
Colorado,2018,486,Cuba,0,Denver,0,22491
Colorado,2009,1735,Cuba,21,Greeley,0,74654
Colorado,2010,1969,Cuba,25,Greeley,0,73309
Colorado,2011,1557,Cuba,3,Greeley,0,56424
Colorado,2012,1458,Cuba,19,Greeley,0,58238
Colorado,2013,1789,Cuba,16,Greeley,0,69926
Colorado,2014,1813,Cuba,24,Greeley,3,69987
Colorado,2015,1730,Cuba,9,Greeley,0,69933
Colorado,2016,1647,Cuba,0,Greeley,0,84994
Colorado,2017,1144,Cuba,0,Greeley,0,53716
Colorado,2018,486,Cuba,0,Greeley,0,22491
Colorado,2009,1735,Cuba,21,Holyoke,0,74654
Colorado,2010,1969,Cuba,25,Holyoke,2,73309
Colorado,2011,1557,Cuba,3,Holyoke,0,56424
Colorado,2012,1458,Cuba,19,Holyoke,0,58238
Colorado,2013,1789,Cuba,16,Holyoke,0,69926
Colorado,2014,1813,Cuba,24,Holyoke,0,69987
Colorado,2015,1730,Cuba,9,Holyoke,0,69933
Colorado,2016,1647,Cuba,0,Holyoke,0,84994
Colorado,2017,1144,Cuba,0,Holyoke,0,53716
Colorado,2018,486,Cuba,0,Holyoke,0,22491
Colorado,2009,1735,Cuba,21,Lakewood,0,74654
Colorado,2010,1969,Cuba,25,Lakewood,0,73309
Colorado,2011,1557,Cuba,3,Lakewood,0,56424
Colorado,2012,1458,Cuba,19,Lakewood,0,58238
Colorado,2013,1789,Cuba,16,Lakewood,0,69926
Colorado,2014,1813,Cuba,24,Lakewood,1,69987
Colorado,2015,1730,Cuba,9,Lakewood,0,69933
Colorado,2016,1647,Cuba,0,Lakewood,0,84994
Colorado,2017,1144,Cuba,0,Lakewood,0,53716
Colorado,2018,486,Cuba,0,Lakewood,0,22491
Colorado,2009,1735,Dem. Rep. Congo,24,Aurora,0,74654
Colorado,2010,1969,Dem. Rep. Congo,235,Aurora,0,73309
Colorado,2011,1557,Dem. Rep. Congo,36,Aurora,0,56424
Colorado,2012,1458,Dem. Rep. Congo,63,Aurora,9,58238
Colorado,2013,1789,Dem. Rep. Congo,73,Aurora,0,69926
Colorado,2014,1813,Dem. Rep. Congo,152,Aurora,8,69987
Colorado,2015,1730,Dem. Rep. Congo,200,Aurora,2,69933
Colorado,2016,1647,Dem. Rep. Congo,187,Aurora,4,84994
Colorado,2017,1144,Dem. Rep. Congo,182,Aurora,20,53716
Colorado,2018,486,Dem. Rep. Congo,177,Aurora,10,22491
Colorado,2009,1735,Dem. Rep. Congo,24,Colorado Springs,0,74654
Colorado,2010,1969,Dem. Rep. Congo,235,Colorado Springs,6,73309
Colorado,2011,1557,Dem. Rep. Congo,36,Colorado Springs,0,56424
Colorado,2012,1458,Dem. Rep. Congo,63,Colorado Springs,0,58238
Colorado,2013,1789,Dem. Rep. Congo,73,Colorado Springs,3,69926
Colorado,2014,1813,Dem. Rep. Congo,152,Colorado Springs,3,69987
Colorado,2015,1730,Dem. Rep. Congo,200,Colorado Springs,21,69933
Colorado,2016,1647,Dem. Rep. Congo,187,Colorado Springs,52,84994
Colorado,2017,1144,Dem. Rep. Congo,182,Colorado Springs,22,53716
Colorado,2018,486,Dem. Rep. Congo,177,Colorado Springs,27,22491
Colorado,2009,1735,Dem. Rep. Congo,24,Conifer,0,74654
Colorado,2010,1969,Dem. Rep. Congo,235,Conifer,0,73309
Colorado,2011,1557,Dem. Rep. Congo,36,Conifer,0,56424
Colorado,2012,1458,Dem. Rep. Congo,63,Conifer,0,58238
Colorado,2013,1789,Dem. Rep. Congo,73,Conifer,0,69926
Colorado,2014,1813,Dem. Rep. Congo,152,Conifer,0,69987
Colorado,2015,1730,Dem. Rep. Congo,200,Conifer,0,69933
Colorado,2016,1647,Dem. Rep. Congo,187,Conifer,10,84994
Colorado,2017,1144,Dem. Rep. Congo,182,Conifer,0,53716
Colorado,2018,486,Dem. Rep. Congo,177,Conifer,0,22491
Colorado,2009,1735,Dem. Rep. Congo,24,Denver,24,74654
Colorado,2010,1969,Dem. Rep. Congo,235,Denver,219,73309
Colorado,2011,1557,Dem. Rep. Congo,36,Denver,36,56424
Colorado,2012,1458,Dem. Rep. Congo,63,Denver,54,58238
Colorado,2013,1789,Dem. Rep. Congo,73,Denver,70,69926
Colorado,2014,1813,Dem. Rep. Congo,152,Denver,141,69987
Colorado,2015,1730,Dem. Rep. Congo,200,Denver,177,69933
Colorado,2016,1647,Dem. Rep. Congo,187,Denver,121,84994
Colorado,2017,1144,Dem. Rep. Congo,182,Denver,116,53716
Colorado,2018,486,Dem. Rep. Congo,177,Denver,42,22491
Colorado,2009,1735,Dem. Rep. Congo,24,Fort Morgan,0,74654
Colorado,2010,1969,Dem. Rep. Congo,235,Fort Morgan,0,73309
Colorado,2011,1557,Dem. Rep. Congo,36,Fort Morgan,0,56424
Colorado,2012,1458,Dem. Rep. Congo,63,Fort Morgan,0,58238
Colorado,2013,1789,Dem. Rep. Congo,73,Fort Morgan,0,69926
Colorado,2014,1813,Dem. Rep. Congo,152,Fort Morgan,0,69987
Colorado,2015,1730,Dem. Rep. Congo,200,Fort Morgan,0,69933
Colorado,2016,1647,Dem. Rep. Congo,187,Fort Morgan,0,84994
Colorado,2017,1144,Dem. Rep. Congo,182,Fort Morgan,0,53716
Colorado,2018,486,Dem. Rep. Congo,177,Fort Morgan,1,22491
Colorado,2009,1735,Dem. Rep. Congo,24,Greeley,0,74654
Colorado,2010,1969,Dem. Rep. Congo,235,Greeley,10,73309
Colorado,2011,1557,Dem. Rep. Congo,36,Greeley,0,56424
Colorado,2012,1458,Dem. Rep. Congo,63,Greeley,0,58238
Colorado,2013,1789,Dem. Rep. Congo,73,Greeley,0,69926
Colorado,2014,1813,Dem. Rep. Congo,152,Greeley,0,69987
Colorado,2015,1730,Dem. Rep. Congo,200,Greeley,0,69933
Colorado,2016,1647,Dem. Rep. Congo,187,Greeley,0,84994
Colorado,2017,1144,Dem. Rep. Congo,182,Greeley,3,53716
Colorado,2018,486,Dem. Rep. Congo,177,Greeley,20,22491
Colorado,2009,1735,Dem. Rep. Congo,24,Lakewood,0,74654
Colorado,2010,1969,Dem. Rep. Congo,235,Lakewood,0,73309
Colorado,2011,1557,Dem. Rep. Congo,36,Lakewood,0,56424
Colorado,2012,1458,Dem. Rep. Congo,63,Lakewood,0,58238
Colorado,2013,1789,Dem. Rep. Congo,73,Lakewood,0,69926
Colorado,2014,1813,Dem. Rep. Congo,152,Lakewood,0,69987
Colorado,2015,1730,Dem. Rep. Congo,200,Lakewood,0,69933
Colorado,2016,1647,Dem. Rep. Congo,187,Lakewood,0,84994
Colorado,2017,1144,Dem. Rep. Congo,182,Lakewood,21,53716
Colorado,2018,486,Dem. Rep. Congo,177,Lakewood,77,22491
Colorado,2009,1735,Egypt,1,Denver,1,74654
Colorado,2010,1969,Egypt,0,Denver,0,73309
Colorado,2011,1557,Egypt,0,Denver,0,56424
Colorado,2012,1458,Egypt,0,Denver,0,58238
Colorado,2013,1789,Egypt,2,Denver,2,69926
Colorado,2014,1813,Egypt,0,Denver,0,69987
Colorado,2015,1730,Egypt,0,Denver,0,69933
Colorado,2016,1647,Egypt,0,Denver,0,84994
Colorado,2017,1144,Egypt,0,Denver,0,53716
Colorado,2018,486,Egypt,0,Denver,0,22491
Colorado,2009,1735,El Salvador,0,Denver,0,74654
Colorado,2010,1969,El Salvador,0,Denver,0,73309
Colorado,2011,1557,El Salvador,0,Denver,0,56424
Colorado,2012,1458,El Salvador,0,Denver,0,58238
Colorado,2013,1789,El Salvador,0,Denver,0,69926
Colorado,2014,1813,El Salvador,0,Denver,0,69987
Colorado,2015,1730,El Salvador,0,Denver,0,69933
Colorado,2016,1647,El Salvador,2,Denver,2,84994
Colorado,2017,1144,El Salvador,24,Denver,14,53716
Colorado,2018,486,El Salvador,5,Denver,5,22491
Colorado,2009,1735,El Salvador,0,El Jebel,0,74654
Colorado,2010,1969,El Salvador,0,El Jebel,0,73309
Colorado,2011,1557,El Salvador,0,El Jebel,0,56424
Colorado,2012,1458,El Salvador,0,El Jebel,0,58238
Colorado,2013,1789,El Salvador,0,El Jebel,0,69926
Colorado,2014,1813,El Salvador,0,El Jebel,0,69987
Colorado,2015,1730,El Salvador,0,El Jebel,0,69933
Colorado,2016,1647,El Salvador,2,El Jebel,0,84994
Colorado,2017,1144,El Salvador,24,El Jebel,3,53716
Colorado,2018,486,El Salvador,5,El Jebel,0,22491
Colorado,2009,1735,El Salvador,0,Glenwood Springs,0,74654
Colorado,2010,1969,El Salvador,0,Glenwood Springs,0,73309
Colorado,2011,1557,El Salvador,0,Glenwood Springs,0,56424
Colorado,2012,1458,El Salvador,0,Glenwood Springs,0,58238
Colorado,2013,1789,El Salvador,0,Glenwood Springs,0,69926
Colorado,2014,1813,El Salvador,0,Glenwood Springs,0,69987
Colorado,2015,1730,El Salvador,0,Glenwood Springs,0,69933
Colorado,2016,1647,El Salvador,2,Glenwood Springs,0,84994
Colorado,2017,1144,El Salvador,24,Glenwood Springs,2,53716
Colorado,2018,486,El Salvador,5,Glenwood Springs,0,22491
Colorado,2009,1735,El Salvador,0,Greeley,0,74654
Colorado,2010,1969,El Salvador,0,Greeley,0,73309
Colorado,2011,1557,El Salvador,0,Greeley,0,56424
Colorado,2012,1458,El Salvador,0,Greeley,0,58238
Colorado,2013,1789,El Salvador,0,Greeley,0,69926
Colorado,2014,1813,El Salvador,0,Greeley,0,69987
Colorado,2015,1730,El Salvador,0,Greeley,0,69933
Colorado,2016,1647,El Salvador,2,Greeley,0,84994
Colorado,2017,1144,El Salvador,24,Greeley,2,53716
Colorado,2018,486,El Salvador,5,Greeley,0,22491
Colorado,2009,1735,El Salvador,0,Snowmass,0,74654
Colorado,2010,1969,El Salvador,0,Snowmass,0,73309
Colorado,2011,1557,El Salvador,0,Snowmass,0,56424
Colorado,2012,1458,El Salvador,0,Snowmass,0,58238
Colorado,2013,1789,El Salvador,0,Snowmass,0,69926
Colorado,2014,1813,El Salvador,0,Snowmass,0,69987
Colorado,2015,1730,El Salvador,0,Snowmass,0,69933
Colorado,2016,1647,El Salvador,2,Snowmass,0,84994
Colorado,2017,1144,El Salvador,24,Snowmass,3,53716
Colorado,2018,486,El Salvador,5,Snowmass,0,22491
Colorado,2009,1735,Eritrea,71,Aurora,0,74654
Colorado,2010,1969,Eritrea,109,Aurora,5,73309
Colorado,2011,1557,Eritrea,97,Aurora,3,56424
Colorado,2012,1458,Eritrea,40,Aurora,4,58238
Colorado,2013,1789,Eritrea,110,Aurora,22,69926
Colorado,2014,1813,Eritrea,81,Aurora,8,69987
Colorado,2015,1730,Eritrea,44,Aurora,9,69933
Colorado,2016,1647,Eritrea,59,Aurora,0,84994
Colorado,2017,1144,Eritrea,73,Aurora,5,53716
Colorado,2018,486,Eritrea,62,Aurora,4,22491
Colorado,2009,1735,Eritrea,71,Centennial,0,74654
Colorado,2010,1969,Eritrea,109,Centennial,0,73309
Colorado,2011,1557,Eritrea,97,Centennial,0,56424
Colorado,2012,1458,Eritrea,40,Centennial,0,58238
Colorado,2013,1789,Eritrea,110,Centennial,0,69926
Colorado,2014,1813,Eritrea,81,Centennial,0,69987
Colorado,2015,1730,Eritrea,44,Centennial,3,69933
Colorado,2016,1647,Eritrea,59,Centennial,0,84994
Colorado,2017,1144,Eritrea,73,Centennial,0,53716
Colorado,2018,486,Eritrea,62,Centennial,0,22491
Colorado,2009,1735,Eritrea,71,Colorado Springs,0,74654
Colorado,2010,1969,Eritrea,109,Colorado Springs,0,73309
Colorado,2011,1557,Eritrea,97,Colorado Springs,0,56424
Colorado,2012,1458,Eritrea,40,Colorado Springs,7,58238
Colorado,2013,1789,Eritrea,110,Colorado Springs,1,69926
Colorado,2014,1813,Eritrea,81,Colorado Springs,4,69987
Colorado,2015,1730,Eritrea,44,Colorado Springs,1,69933
Colorado,2016,1647,Eritrea,59,Colorado Springs,0,84994
Colorado,2017,1144,Eritrea,73,Colorado Springs,1,53716
Colorado,2018,486,Eritrea,62,Colorado Springs,4,22491
Colorado,2009,1735,Eritrea,71,Denver,65,74654
Colorado,2010,1969,Eritrea,109,Denver,96,73309
Colorado,2011,1557,Eritrea,97,Denver,94,56424
Colorado,2012,1458,Eritrea,40,Denver,28,58238
Colorado,2013,1789,Eritrea,110,Denver,68,69926
Colorado,2014,1813,Eritrea,81,Denver,66,69987
Colorado,2015,1730,Eritrea,44,Denver,26,69933
Colorado,2016,1647,Eritrea,59,Denver,53,84994
Colorado,2017,1144,Eritrea,73,Denver,50,53716
Colorado,2018,486,Eritrea,62,Denver,34,22491
Colorado,2009,1735,Eritrea,71,Erie,1,74654
Colorado,2010,1969,Eritrea,109,Erie,0,73309
Colorado,2011,1557,Eritrea,97,Erie,0,56424
Colorado,2012,1458,Eritrea,40,Erie,0,58238
Colorado,2013,1789,Eritrea,110,Erie,0,69926
Colorado,2014,1813,Eritrea,81,Erie,0,69987
Colorado,2015,1730,Eritrea,44,Erie,0,69933
Colorado,2016,1647,Eritrea,59,Erie,0,84994
Colorado,2017,1144,Eritrea,73,Erie,0,53716
Colorado,2018,486,Eritrea,62,Erie,0,22491
Colorado,2009,1735,Eritrea,71,Fort Morgan,0,74654
Colorado,2010,1969,Eritrea,109,Fort Morgan,0,73309
Colorado,2011,1557,Eritrea,97,Fort Morgan,0,56424
Colorado,2012,1458,Eritrea,40,Fort Morgan,0,58238
Colorado,2013,1789,Eritrea,110,Fort Morgan,3,69926
Colorado,2014,1813,Eritrea,81,Fort Morgan,1,69987
Colorado,2015,1730,Eritrea,44,Fort Morgan,1,69933
Colorado,2016,1647,Eritrea,59,Fort Morgan,0,84994
Colorado,2017,1144,Eritrea,73,Fort Morgan,3,53716
Colorado,2018,486,Eritrea,62,Fort Morgan,0,22491
Colorado,2009,1735,Eritrea,71,Glendale,0,74654
Colorado,2010,1969,Eritrea,109,Glendale,1,73309
Colorado,2011,1557,Eritrea,97,Glendale,0,56424
Colorado,2012,1458,Eritrea,40,Glendale,0,58238
Colorado,2013,1789,Eritrea,110,Glendale,0,69926
Colorado,2014,1813,Eritrea,81,Glendale,2,69987
Colorado,2015,1730,Eritrea,44,Glendale,0,69933
Colorado,2016,1647,Eritrea,59,Glendale,0,84994
Colorado,2017,1144,Eritrea,73,Glendale,0,53716
Colorado,2018,486,Eritrea,62,Glendale,0,22491
Colorado,2009,1735,Eritrea,71,Greeley,5,74654
Colorado,2010,1969,Eritrea,109,Greeley,6,73309
Colorado,2011,1557,Eritrea,97,Greeley,0,56424
Colorado,2012,1458,Eritrea,40,Greeley,1,58238
Colorado,2013,1789,Eritrea,110,Greeley,16,69926
Colorado,2014,1813,Eritrea,81,Greeley,0,69987
Colorado,2015,1730,Eritrea,44,Greeley,1,69933
Colorado,2016,1647,Eritrea,59,Greeley,6,84994
Colorado,2017,1144,Eritrea,73,Greeley,9,53716
Colorado,2018,486,Eritrea,62,Greeley,11,22491
Colorado,2009,1735,Eritrea,71,Lakewood,0,74654
Colorado,2010,1969,Eritrea,109,Lakewood,0,73309
Colorado,2011,1557,Eritrea,97,Lakewood,0,56424
Colorado,2012,1458,Eritrea,40,Lakewood,0,58238
Colorado,2013,1789,Eritrea,110,Lakewood,0,69926
Colorado,2014,1813,Eritrea,81,Lakewood,0,69987
Colorado,2015,1730,Eritrea,44,Lakewood,0,69933
Colorado,2016,1647,Eritrea,59,Lakewood,0,84994
Colorado,2017,1144,Eritrea,73,Lakewood,5,53716
Colorado,2018,486,Eritrea,62,Lakewood,9,22491
Colorado,2009,1735,Eritrea,71,Thornton,0,74654
Colorado,2010,1969,Eritrea,109,Thornton,0,73309
Colorado,2011,1557,Eritrea,97,Thornton,0,56424
Colorado,2012,1458,Eritrea,40,Thornton,0,58238
Colorado,2013,1789,Eritrea,110,Thornton,0,69926
Colorado,2014,1813,Eritrea,81,Thornton,0,69987
Colorado,2015,1730,Eritrea,44,Thornton,3,69933
Colorado,2016,1647,Eritrea,59,Thornton,0,84994
Colorado,2017,1144,Eritrea,73,Thornton,0,53716
Colorado,2018,486,Eritrea,62,Thornton,0,22491
Colorado,2009,1735,Eritrea,71,Wheat Ridge,0,74654
Colorado,2010,1969,Eritrea,109,Wheat Ridge,1,73309
Colorado,2011,1557,Eritrea,97,Wheat Ridge,0,56424
Colorado,2012,1458,Eritrea,40,Wheat Ridge,0,58238
Colorado,2013,1789,Eritrea,110,Wheat Ridge,0,69926
Colorado,2014,1813,Eritrea,81,Wheat Ridge,0,69987
Colorado,2015,1730,Eritrea,44,Wheat Ridge,0,69933
Colorado,2016,1647,Eritrea,59,Wheat Ridge,0,84994
Colorado,2017,1144,Eritrea,73,Wheat Ridge,0,53716
Colorado,2018,486,Eritrea,62,Wheat Ridge,0,22491
Colorado,2009,1735,Ethiopia,34,Aurora,0,74654
Colorado,2010,1969,Ethiopia,45,Aurora,2,73309
Colorado,2011,1557,Ethiopia,44,Aurora,0,56424
Colorado,2012,1458,Ethiopia,32,Aurora,5,58238
Colorado,2013,1789,Ethiopia,65,Aurora,11,69926
Colorado,2014,1813,Ethiopia,50,Aurora,6,69987
Colorado,2015,1730,Ethiopia,28,Aurora,8,69933
Colorado,2016,1647,Ethiopia,35,Aurora,3,84994
Colorado,2017,1144,Ethiopia,23,Aurora,3,53716
Colorado,2018,486,Ethiopia,15,Aurora,0,22491
Colorado,2009,1735,Ethiopia,34,Colorado Springs,0,74654
Colorado,2010,1969,Ethiopia,45,Colorado Springs,0,73309
Colorado,2011,1557,Ethiopia,44,Colorado Springs,0,56424
Colorado,2012,1458,Ethiopia,32,Colorado Springs,0,58238
Colorado,2013,1789,Ethiopia,65,Colorado Springs,0,69926
Colorado,2014,1813,Ethiopia,50,Colorado Springs,0,69987
Colorado,2015,1730,Ethiopia,28,Colorado Springs,0,69933
Colorado,2016,1647,Ethiopia,35,Colorado Springs,3,84994
Colorado,2017,1144,Ethiopia,23,Colorado Springs,0,53716
Colorado,2018,486,Ethiopia,15,Colorado Springs,5,22491
Colorado,2009,1735,Ethiopia,34,Denver,34,74654
Colorado,2010,1969,Ethiopia,45,Denver,43,73309
Colorado,2011,1557,Ethiopia,44,Denver,44,56424
Colorado,2012,1458,Ethiopia,32,Denver,27,58238
Colorado,2013,1789,Ethiopia,65,Denver,52,69926
Colorado,2014,1813,Ethiopia,50,Denver,42,69987
Colorado,2015,1730,Ethiopia,28,Denver,16,69933
Colorado,2016,1647,Ethiopia,35,Denver,27,84994
Colorado,2017,1144,Ethiopia,23,Denver,14,53716
Colorado,2018,486,Ethiopia,15,Denver,10,22491
Colorado,2009,1735,Ethiopia,34,Fort Morgan,0,74654
Colorado,2010,1969,Ethiopia,45,Fort Morgan,0,73309
Colorado,2011,1557,Ethiopia,44,Fort Morgan,0,56424
Colorado,2012,1458,Ethiopia,32,Fort Morgan,0,58238
Colorado,2013,1789,Ethiopia,65,Fort Morgan,0,69926
Colorado,2014,1813,Ethiopia,50,Fort Morgan,0,69987
Colorado,2015,1730,Ethiopia,28,Fort Morgan,0,69933
Colorado,2016,1647,Ethiopia,35,Fort Morgan,1,84994
Colorado,2017,1144,Ethiopia,23,Fort Morgan,1,53716
Colorado,2018,486,Ethiopia,15,Fort Morgan,0,22491
Colorado,2009,1735,Ethiopia,34,Greeley,0,74654
Colorado,2010,1969,Ethiopia,45,Greeley,0,73309
Colorado,2011,1557,Ethiopia,44,Greeley,0,56424
Colorado,2012,1458,Ethiopia,32,Greeley,0,58238
Colorado,2013,1789,Ethiopia,65,Greeley,2,69926
Colorado,2014,1813,Ethiopia,50,Greeley,2,69987
Colorado,2015,1730,Ethiopia,28,Greeley,4,69933
Colorado,2016,1647,Ethiopia,35,Greeley,1,84994
Colorado,2017,1144,Ethiopia,23,Greeley,5,53716
Colorado,2018,486,Ethiopia,15,Greeley,0,22491
Colorado,2009,1735,Gabon,1,Colorado Springs,1,74654
Colorado,2010,1969,Gabon,0,Colorado Springs,0,73309
Colorado,2011,1557,Gabon,0,Colorado Springs,0,56424
Colorado,2012,1458,Gabon,0,Colorado Springs,0,58238
Colorado,2013,1789,Gabon,0,Colorado Springs,0,69926
Colorado,2014,1813,Gabon,0,Colorado Springs,0,69987
Colorado,2015,1730,Gabon,0,Colorado Springs,0,69933
Colorado,2016,1647,Gabon,0,Colorado Springs,0,84994
Colorado,2017,1144,Gabon,0,Colorado Springs,0,53716
Colorado,2018,486,Gabon,0,Colorado Springs,0,22491
Colorado,2009,1735,Gambia,0,Aurora,0,74654
Colorado,2010,1969,Gambia,1,Aurora,0,73309
Colorado,2011,1557,Gambia,0,Aurora,0,56424
Colorado,2012,1458,Gambia,0,Aurora,0,58238
Colorado,2013,1789,Gambia,0,Aurora,0,69926
Colorado,2014,1813,Gambia,0,Aurora,0,69987
Colorado,2015,1730,Gambia,0,Aurora,0,69933
Colorado,2016,1647,Gambia,0,Aurora,0,84994
Colorado,2017,1144,Gambia,4,Aurora,4,53716
Colorado,2018,486,Gambia,0,Aurora,0,22491
Colorado,2009,1735,Gambia,0,Denver,0,74654
Colorado,2010,1969,Gambia,1,Denver,1,73309
Colorado,2011,1557,Gambia,0,Denver,0,56424
Colorado,2012,1458,Gambia,0,Denver,0,58238
Colorado,2013,1789,Gambia,0,Denver,0,69926
Colorado,2014,1813,Gambia,0,Denver,0,69987
Colorado,2015,1730,Gambia,0,Denver,0,69933
Colorado,2016,1647,Gambia,0,Denver,0,84994
Colorado,2017,1144,Gambia,4,Denver,0,53716
Colorado,2018,486,Gambia,0,Denver,0,22491
Colorado,2009,1735,Georgia,0,Aurora,0,74654
Colorado,2010,1969,Georgia,0,Aurora,0,73309
Colorado,2011,1557,Georgia,0,Aurora,0,56424
Colorado,2012,1458,Georgia,0,Aurora,0,58238
Colorado,2013,1789,Georgia,0,Aurora,0,69926
Colorado,2014,1813,Georgia,0,Aurora,0,69987
Colorado,2015,1730,Georgia,0,Aurora,0,69933
Colorado,2016,1647,Georgia,1,Aurora,1,84994
Colorado,2017,1144,Georgia,0,Aurora,0,53716
Colorado,2018,486,Georgia,0,Aurora,0,22491
Colorado,2009,1735,Ghana,1,Colorado Springs,1,74654
Colorado,2010,1969,Ghana,0,Colorado Springs,0,73309
Colorado,2011,1557,Ghana,0,Colorado Springs,0,56424
Colorado,2012,1458,Ghana,0,Colorado Springs,0,58238
Colorado,2013,1789,Ghana,0,Colorado Springs,0,69926
Colorado,2014,1813,Ghana,0,Colorado Springs,0,69987
Colorado,2015,1730,Ghana,0,Colorado Springs,0,69933
Colorado,2016,1647,Ghana,0,Colorado Springs,0,84994
Colorado,2017,1144,Ghana,0,Colorado Springs,0,53716
Colorado,2018,486,Ghana,0,Colorado Springs,0,22491
Colorado,2009,1735,Guatemala,0,Denver,0,74654
Colorado,2010,1969,Guatemala,0,Denver,0,73309
Colorado,2011,1557,Guatemala,0,Denver,0,56424
Colorado,2012,1458,Guatemala,0,Denver,0,58238
Colorado,2013,1789,Guatemala,0,Denver,0,69926
Colorado,2014,1813,Guatemala,0,Denver,0,69987
Colorado,2015,1730,Guatemala,0,Denver,0,69933
Colorado,2016,1647,Guatemala,0,Denver,0,84994
Colorado,2017,1144,Guatemala,1,Denver,1,53716
Colorado,2018,486,Guatemala,0,Denver,0,22491
Colorado,2009,1735,Honduras,0,Denver,0,74654
Colorado,2010,1969,Honduras,0,Denver,0,73309
Colorado,2011,1557,Honduras,0,Denver,0,56424
Colorado,2012,1458,Honduras,0,Denver,0,58238
Colorado,2013,1789,Honduras,0,Denver,0,69926
Colorado,2014,1813,Honduras,0,Denver,0,69987
Colorado,2015,1730,Honduras,0,Denver,0,69933
Colorado,2016,1647,Honduras,2,Denver,2,84994
Colorado,2017,1144,Honduras,0,Denver,0,53716
Colorado,2018,486,Honduras,0,Denver,0,22491
Colorado,2009,1735,Iran,13,Aurora,0,74654
Colorado,2010,1969,Iran,16,Aurora,0,73309
Colorado,2011,1557,Iran,14,Aurora,0,56424
Colorado,2012,1458,Iran,12,Aurora,5,58238
Colorado,2013,1789,Iran,23,Aurora,0,69926
Colorado,2014,1813,Iran,12,Aurora,0,69987
Colorado,2015,1730,Iran,8,Aurora,2,69933
Colorado,2016,1647,Iran,19,Aurora,0,84994
Colorado,2017,1144,Iran,16,Aurora,0,53716
Colorado,2018,486,Iran,1,Aurora,0,22491
Colorado,2009,1735,Iran,13,Broomfield,0,74654
Colorado,2010,1969,Iran,16,Broomfield,0,73309
Colorado,2011,1557,Iran,14,Broomfield,0,56424
Colorado,2012,1458,Iran,12,Broomfield,0,58238
Colorado,2013,1789,Iran,23,Broomfield,1,69926
Colorado,2014,1813,Iran,12,Broomfield,0,69987
Colorado,2015,1730,Iran,8,Broomfield,0,69933
Colorado,2016,1647,Iran,19,Broomfield,0,84994
Colorado,2017,1144,Iran,16,Broomfield,0,53716
Colorado,2018,486,Iran,1,Broomfield,0,22491
Colorado,2009,1735,Iran,13,Centennial,6,74654
Colorado,2010,1969,Iran,16,Centennial,1,73309
Colorado,2011,1557,Iran,14,Centennial,0,56424
Colorado,2012,1458,Iran,12,Centennial,0,58238
Colorado,2013,1789,Iran,23,Centennial,0,69926
Colorado,2014,1813,Iran,12,Centennial,0,69987
Colorado,2015,1730,Iran,8,Centennial,0,69933
Colorado,2016,1647,Iran,19,Centennial,0,84994
Colorado,2017,1144,Iran,16,Centennial,0,53716
Colorado,2018,486,Iran,1,Centennial,0,22491
Colorado,2009,1735,Iran,13,Colorado Springs,0,74654
Colorado,2010,1969,Iran,16,Colorado Springs,4,73309
Colorado,2011,1557,Iran,14,Colorado Springs,3,56424
Colorado,2012,1458,Iran,12,Colorado Springs,1,58238
Colorado,2013,1789,Iran,23,Colorado Springs,4,69926
Colorado,2014,1813,Iran,12,Colorado Springs,2,69987
Colorado,2015,1730,Iran,8,Colorado Springs,1,69933
Colorado,2016,1647,Iran,19,Colorado Springs,0,84994
Colorado,2017,1144,Iran,16,Colorado Springs,1,53716
Colorado,2018,486,Iran,1,Colorado Springs,0,22491
Colorado,2009,1735,Iran,13,Denver,3,74654
Colorado,2010,1969,Iran,16,Denver,11,73309
Colorado,2011,1557,Iran,14,Denver,11,56424
Colorado,2012,1458,Iran,12,Denver,6,58238
Colorado,2013,1789,Iran,23,Denver,18,69926
Colorado,2014,1813,Iran,12,Denver,7,69987
Colorado,2015,1730,Iran,8,Denver,5,69933
Colorado,2016,1647,Iran,19,Denver,15,84994
Colorado,2017,1144,Iran,16,Denver,15,53716
Colorado,2018,486,Iran,1,Denver,0,22491
Colorado,2009,1735,Iran,13,Englewood,0,74654
Colorado,2010,1969,Iran,16,Englewood,0,73309
Colorado,2011,1557,Iran,14,Englewood,0,56424
Colorado,2012,1458,Iran,12,Englewood,0,58238
Colorado,2013,1789,Iran,23,Englewood,0,69926
Colorado,2014,1813,Iran,12,Englewood,1,69987
Colorado,2015,1730,Iran,8,Englewood,0,69933
Colorado,2016,1647,Iran,19,Englewood,0,84994
Colorado,2017,1144,Iran,16,Englewood,0,53716
Colorado,2018,486,Iran,1,Englewood,0,22491
Colorado,2009,1735,Iran,13,Golden,0,74654
Colorado,2010,1969,Iran,16,Golden,0,73309
Colorado,2011,1557,Iran,14,Golden,0,56424
Colorado,2012,1458,Iran,12,Golden,0,58238
Colorado,2013,1789,Iran,23,Golden,0,69926
Colorado,2014,1813,Iran,12,Golden,0,69987
Colorado,2015,1730,Iran,8,Golden,0,69933
Colorado,2016,1647,Iran,19,Golden,0,84994
Colorado,2017,1144,Iran,16,Golden,0,53716
Colorado,2018,486,Iran,1,Golden,1,22491
Colorado,2009,1735,Iran,13,Greeley,0,74654
Colorado,2010,1969,Iran,16,Greeley,0,73309
Colorado,2011,1557,Iran,14,Greeley,0,56424
Colorado,2012,1458,Iran,12,Greeley,0,58238
Colorado,2013,1789,Iran,23,Greeley,0,69926
Colorado,2014,1813,Iran,12,Greeley,0,69987
Colorado,2015,1730,Iran,8,Greeley,0,69933
Colorado,2016,1647,Iran,19,Greeley,2,84994
Colorado,2017,1144,Iran,16,Greeley,0,53716
Colorado,2018,486,Iran,1,Greeley,0,22491
Colorado,2009,1735,Iran,13,Lakewood,0,74654
Colorado,2010,1969,Iran,16,Lakewood,0,73309
Colorado,2011,1557,Iran,14,Lakewood,0,56424
Colorado,2012,1458,Iran,12,Lakewood,0,58238
Colorado,2013,1789,Iran,23,Lakewood,0,69926
Colorado,2014,1813,Iran,12,Lakewood,0,69987
Colorado,2015,1730,Iran,8,Lakewood,0,69933
Colorado,2016,1647,Iran,19,Lakewood,2,84994
Colorado,2017,1144,Iran,16,Lakewood,0,53716
Colorado,2018,486,Iran,1,Lakewood,0,22491
Colorado,2009,1735,Iran,13,Thornton,4,74654
Colorado,2010,1969,Iran,16,Thornton,0,73309
Colorado,2011,1557,Iran,14,Thornton,0,56424
Colorado,2012,1458,Iran,12,Thornton,0,58238
Colorado,2013,1789,Iran,23,Thornton,0,69926
Colorado,2014,1813,Iran,12,Thornton,0,69987
Colorado,2015,1730,Iran,8,Thornton,0,69933
Colorado,2016,1647,Iran,19,Thornton,0,84994
Colorado,2017,1144,Iran,16,Thornton,0,53716
Colorado,2018,486,Iran,1,Thornton,0,22491
Colorado,2009,1735,Iran,13,Westminster,0,74654
Colorado,2010,1969,Iran,16,Westminster,0,73309
Colorado,2011,1557,Iran,14,Westminster,0,56424
Colorado,2012,1458,Iran,12,Westminster,0,58238
Colorado,2013,1789,Iran,23,Westminster,0,69926
Colorado,2014,1813,Iran,12,Westminster,2,69987
Colorado,2015,1730,Iran,8,Westminster,0,69933
Colorado,2016,1647,Iran,19,Westminster,0,84994
Colorado,2017,1144,Iran,16,Westminster,0,53716
Colorado,2018,486,Iran,1,Westminster,0,22491
Colorado,2009,1735,Iraq,227,Arvada,0,74654
Colorado,2010,1969,Iraq,275,Arvada,0,73309
Colorado,2011,1557,Iraq,76,Arvada,0,56424
Colorado,2012,1458,Iraq,148,Arvada,0,58238
Colorado,2013,1789,Iraq,330,Arvada,4,69926
Colorado,2014,1813,Iraq,418,Arvada,0,69987
Colorado,2015,1730,Iraq,288,Arvada,3,69933
Colorado,2016,1647,Iraq,210,Arvada,0,84994
Colorado,2017,1144,Iraq,102,Arvada,0,53716
Colorado,2018,486,Iraq,4,Arvada,0,22491
Colorado,2009,1735,Iraq,227,Aurora,3,74654
Colorado,2010,1969,Iraq,275,Aurora,4,73309
Colorado,2011,1557,Iraq,76,Aurora,0,56424
Colorado,2012,1458,Iraq,148,Aurora,1,58238
Colorado,2013,1789,Iraq,330,Aurora,9,69926
Colorado,2014,1813,Iraq,418,Aurora,33,69987
Colorado,2015,1730,Iraq,288,Aurora,30,69933
Colorado,2016,1647,Iraq,210,Aurora,8,84994
Colorado,2017,1144,Iraq,102,Aurora,8,53716
Colorado,2018,486,Iraq,4,Aurora,0,22491
Colorado,2009,1735,Iraq,227,Boulder,0,74654
Colorado,2010,1969,Iraq,275,Boulder,2,73309
Colorado,2011,1557,Iraq,76,Boulder,0,56424
Colorado,2012,1458,Iraq,148,Boulder,0,58238
Colorado,2013,1789,Iraq,330,Boulder,2,69926
Colorado,2014,1813,Iraq,418,Boulder,4,69987
Colorado,2015,1730,Iraq,288,Boulder,0,69933
Colorado,2016,1647,Iraq,210,Boulder,0,84994
Colorado,2017,1144,Iraq,102,Boulder,0,53716
Colorado,2018,486,Iraq,4,Boulder,0,22491
Colorado,2009,1735,Iraq,227,Colorado Springs,16,74654
Colorado,2010,1969,Iraq,275,Colorado Springs,18,73309
Colorado,2011,1557,Iraq,76,Colorado Springs,11,56424
Colorado,2012,1458,Iraq,148,Colorado Springs,14,58238
Colorado,2013,1789,Iraq,330,Colorado Springs,41,69926
Colorado,2014,1813,Iraq,418,Colorado Springs,60,69987
Colorado,2015,1730,Iraq,288,Colorado Springs,64,69933
Colorado,2016,1647,Iraq,210,Colorado Springs,23,84994
Colorado,2017,1144,Iraq,102,Colorado Springs,17,53716
Colorado,2018,486,Iraq,4,Colorado Springs,3,22491
Colorado,2009,1735,Iraq,227,Denver,179,74654
Colorado,2010,1969,Iraq,275,Denver,222,73309
Colorado,2011,1557,Iraq,76,Denver,53,56424
Colorado,2012,1458,Iraq,148,Denver,127,58238
Colorado,2013,1789,Iraq,330,Denver,234,69926
Colorado,2014,1813,Iraq,418,Denver,290,69987
Colorado,2015,1730,Iraq,288,Denver,186,69933
Colorado,2016,1647,Iraq,210,Denver,171,84994
Colorado,2017,1144,Iraq,102,Denver,69,53716
Colorado,2018,486,Iraq,4,Denver,1,22491
Colorado,2009,1735,Iraq,227,Eagle,2,74654
Colorado,2010,1969,Iraq,275,Eagle,1,73309
Colorado,2011,1557,Iraq,76,Eagle,0,56424
Colorado,2012,1458,Iraq,148,Eagle,0,58238
Colorado,2013,1789,Iraq,330,Eagle,0,69926
Colorado,2014,1813,Iraq,418,Eagle,0,69987
Colorado,2015,1730,Iraq,288,Eagle,0,69933
Colorado,2016,1647,Iraq,210,Eagle,0,84994
Colorado,2017,1144,Iraq,102,Eagle,0,53716
Colorado,2018,486,Iraq,4,Eagle,0,22491
Colorado,2009,1735,Iraq,227,Edgewater,0,74654
Colorado,2010,1969,Iraq,275,Edgewater,5,73309
Colorado,2011,1557,Iraq,76,Edgewater,0,56424
Colorado,2012,1458,Iraq,148,Edgewater,0,58238
Colorado,2013,1789,Iraq,330,Edgewater,5,69926
Colorado,2014,1813,Iraq,418,Edgewater,0,69987
Colorado,2015,1730,Iraq,288,Edgewater,0,69933
Colorado,2016,1647,Iraq,210,Edgewater,0,84994
Colorado,2017,1144,Iraq,102,Edgewater,0,53716
Colorado,2018,486,Iraq,4,Edgewater,0,22491
Colorado,2009,1735,Iraq,227,Englewood,7,74654
Colorado,2010,1969,Iraq,275,Englewood,8,73309
Colorado,2011,1557,Iraq,76,Englewood,1,56424
Colorado,2012,1458,Iraq,148,Englewood,0,58238
Colorado,2013,1789,Iraq,330,Englewood,0,69926
Colorado,2014,1813,Iraq,418,Englewood,0,69987
Colorado,2015,1730,Iraq,288,Englewood,0,69933
Colorado,2016,1647,Iraq,210,Englewood,0,84994
Colorado,2017,1144,Iraq,102,Englewood,0,53716
Colorado,2018,486,Iraq,4,Englewood,0,22491
Colorado,2009,1735,Iraq,227,Fort Collins,6,74654
Colorado,2010,1969,Iraq,275,Fort Collins,3,73309
Colorado,2011,1557,Iraq,76,Fort Collins,0,56424
Colorado,2012,1458,Iraq,148,Fort Collins,0,58238
Colorado,2013,1789,Iraq,330,Fort Collins,1,69926
Colorado,2014,1813,Iraq,418,Fort Collins,0,69987
Colorado,2015,1730,Iraq,288,Fort Collins,0,69933
Colorado,2016,1647,Iraq,210,Fort Collins,0,84994
Colorado,2017,1144,Iraq,102,Fort Collins,0,53716
Colorado,2018,486,Iraq,4,Fort Collins,0,22491
Colorado,2009,1735,Iraq,227,Glendale,0,74654
Colorado,2010,1969,Iraq,275,Glendale,0,73309
Colorado,2011,1557,Iraq,76,Glendale,0,56424
Colorado,2012,1458,Iraq,148,Glendale,1,58238
Colorado,2013,1789,Iraq,330,Glendale,0,69926
Colorado,2014,1813,Iraq,418,Glendale,0,69987
Colorado,2015,1730,Iraq,288,Glendale,0,69933
Colorado,2016,1647,Iraq,210,Glendale,0,84994
Colorado,2017,1144,Iraq,102,Glendale,0,53716
Colorado,2018,486,Iraq,4,Glendale,0,22491
Colorado,2009,1735,Iraq,227,Golden,2,74654
Colorado,2010,1969,Iraq,275,Golden,0,73309
Colorado,2011,1557,Iraq,76,Golden,0,56424
Colorado,2012,1458,Iraq,148,Golden,0,58238
Colorado,2013,1789,Iraq,330,Golden,5,69926
Colorado,2014,1813,Iraq,418,Golden,0,69987
Colorado,2015,1730,Iraq,288,Golden,0,69933
Colorado,2016,1647,Iraq,210,Golden,2,84994
Colorado,2017,1144,Iraq,102,Golden,0,53716
Colorado,2018,486,Iraq,4,Golden,0,22491
Colorado,2009,1735,Iraq,227,Greeley,0,74654
Colorado,2010,1969,Iraq,275,Greeley,5,73309
Colorado,2011,1557,Iraq,76,Greeley,7,56424
Colorado,2012,1458,Iraq,148,Greeley,5,58238
Colorado,2013,1789,Iraq,330,Greeley,23,69926
Colorado,2014,1813,Iraq,418,Greeley,29,69987
Colorado,2015,1730,Iraq,288,Greeley,5,69933
Colorado,2016,1647,Iraq,210,Greeley,1,84994
Colorado,2017,1144,Iraq,102,Greeley,0,53716
Colorado,2018,486,Iraq,4,Greeley,0,22491
Colorado,2009,1735,Iraq,227,Greenwood Village,8,74654
Colorado,2010,1969,Iraq,275,Greenwood Village,0,73309
Colorado,2011,1557,Iraq,76,Greenwood Village,0,56424
Colorado,2012,1458,Iraq,148,Greenwood Village,0,58238
Colorado,2013,1789,Iraq,330,Greenwood Village,0,69926
Colorado,2014,1813,Iraq,418,Greenwood Village,0,69987
Colorado,2015,1730,Iraq,288,Greenwood Village,0,69933
Colorado,2016,1647,Iraq,210,Greenwood Village,0,84994
Colorado,2017,1144,Iraq,102,Greenwood Village,0,53716
Colorado,2018,486,Iraq,4,Greenwood Village,0,22491
Colorado,2009,1735,Iraq,227,Lakewood,0,74654
Colorado,2010,1969,Iraq,275,Lakewood,6,73309
Colorado,2011,1557,Iraq,76,Lakewood,4,56424
Colorado,2012,1458,Iraq,148,Lakewood,0,58238
Colorado,2013,1789,Iraq,330,Lakewood,4,69926
Colorado,2014,1813,Iraq,418,Lakewood,2,69987
Colorado,2015,1730,Iraq,288,Lakewood,0,69933
Colorado,2016,1647,Iraq,210,Lakewood,5,84994
Colorado,2017,1144,Iraq,102,Lakewood,8,53716
Colorado,2018,486,Iraq,4,Lakewood,0,22491
Colorado,2009,1735,Iraq,227,Longmont,0,74654
Colorado,2010,1969,Iraq,275,Longmont,1,73309
Colorado,2011,1557,Iraq,76,Longmont,0,56424
Colorado,2012,1458,Iraq,148,Longmont,0,58238
Colorado,2013,1789,Iraq,330,Longmont,0,69926
Colorado,2014,1813,Iraq,418,Longmont,0,69987
Colorado,2015,1730,Iraq,288,Longmont,0,69933
Colorado,2016,1647,Iraq,210,Longmont,0,84994
Colorado,2017,1144,Iraq,102,Longmont,0,53716
Colorado,2018,486,Iraq,4,Longmont,0,22491
Colorado,2009,1735,Iraq,227,Pueblo,1,74654
Colorado,2010,1969,Iraq,275,Pueblo,0,73309
Colorado,2011,1557,Iraq,76,Pueblo,0,56424
Colorado,2012,1458,Iraq,148,Pueblo,0,58238
Colorado,2013,1789,Iraq,330,Pueblo,0,69926
Colorado,2014,1813,Iraq,418,Pueblo,0,69987
Colorado,2015,1730,Iraq,288,Pueblo,0,69933
Colorado,2016,1647,Iraq,210,Pueblo,0,84994
Colorado,2017,1144,Iraq,102,Pueblo,0,53716
Colorado,2018,486,Iraq,4,Pueblo,0,22491
Colorado,2009,1735,Iraq,227,Thornton,3,74654
Colorado,2010,1969,Iraq,275,Thornton,0,73309
Colorado,2011,1557,Iraq,76,Thornton,0,56424
Colorado,2012,1458,Iraq,148,Thornton,0,58238
Colorado,2013,1789,Iraq,330,Thornton,1,69926
Colorado,2014,1813,Iraq,418,Thornton,0,69987
Colorado,2015,1730,Iraq,288,Thornton,0,69933
Colorado,2016,1647,Iraq,210,Thornton,0,84994
Colorado,2017,1144,Iraq,102,Thornton,0,53716
Colorado,2018,486,Iraq,4,Thornton,0,22491
Colorado,2009,1735,Iraq,227,Westminster,0,74654
Colorado,2010,1969,Iraq,275,Westminster,0,73309
Colorado,2011,1557,Iraq,76,Westminster,0,56424
Colorado,2012,1458,Iraq,148,Westminster,0,58238
Colorado,2013,1789,Iraq,330,Westminster,1,69926
Colorado,2014,1813,Iraq,418,Westminster,0,69987
Colorado,2015,1730,Iraq,288,Westminster,0,69933
Colorado,2016,1647,Iraq,210,Westminster,0,84994
Colorado,2017,1144,Iraq,102,Westminster,0,53716
Colorado,2018,486,Iraq,4,Westminster,0,22491
Colorado,2009,1735,Ivory Coast,2,Denver,2,74654
Colorado,2010,1969,Ivory Coast,0,Denver,0,73309
Colorado,2011,1557,Ivory Coast,0,Denver,0,56424
Colorado,2012,1458,Ivory Coast,2,Denver,2,58238
Colorado,2013,1789,Ivory Coast,0,Denver,0,69926
Colorado,2014,1813,Ivory Coast,0,Denver,0,69987
Colorado,2015,1730,Ivory Coast,0,Denver,0,69933
Colorado,2016,1647,Ivory Coast,0,Denver,0,84994
Colorado,2017,1144,Ivory Coast,0,Denver,0,53716
Colorado,2018,486,Ivory Coast,0,Denver,0,22491
Colorado,2009,1735,Kazakhstan,0,Colorado Springs,0,74654
Colorado,2010,1969,Kazakhstan,0,Colorado Springs,0,73309
Colorado,2011,1557,Kazakhstan,5,Colorado Springs,5,56424
Colorado,2012,1458,Kazakhstan,0,Colorado Springs,0,58238
Colorado,2013,1789,Kazakhstan,0,Colorado Springs,0,69926
Colorado,2014,1813,Kazakhstan,0,Colorado Springs,0,69987
Colorado,2015,1730,Kazakhstan,2,Colorado Springs,0,69933
Colorado,2016,1647,Kazakhstan,0,Colorado Springs,0,84994
Colorado,2017,1144,Kazakhstan,0,Colorado Springs,0,53716
Colorado,2018,486,Kazakhstan,0,Colorado Springs,0,22491
Colorado,2009,1735,Kazakhstan,0,Denver,0,74654
Colorado,2010,1969,Kazakhstan,0,Denver,0,73309
Colorado,2011,1557,Kazakhstan,5,Denver,0,56424
Colorado,2012,1458,Kazakhstan,0,Denver,0,58238
Colorado,2013,1789,Kazakhstan,0,Denver,0,69926
Colorado,2014,1813,Kazakhstan,0,Denver,0,69987
Colorado,2015,1730,Kazakhstan,2,Denver,2,69933
Colorado,2016,1647,Kazakhstan,0,Denver,0,84994
Colorado,2017,1144,Kazakhstan,0,Denver,0,53716
Colorado,2018,486,Kazakhstan,0,Denver,0,22491
Colorado,2009,1735,Kenya,0,Greeley,0,74654
Colorado,2010,1969,Kenya,0,Greeley,0,73309
Colorado,2011,1557,Kenya,0,Greeley,0,56424
Colorado,2012,1458,Kenya,0,Greeley,0,58238
Colorado,2013,1789,Kenya,0,Greeley,0,69926
Colorado,2014,1813,Kenya,1,Greeley,1,69987
Colorado,2015,1730,Kenya,0,Greeley,0,69933
Colorado,2016,1647,Kenya,0,Greeley,0,84994
Colorado,2017,1144,Kenya,1,Greeley,1,53716
Colorado,2018,486,Kenya,0,Greeley,0,22491
Colorado,2009,1735,"Korea, North",2,Denver,2,74654
Colorado,2010,1969,"Korea, North",0,Denver,0,73309
Colorado,2011,1557,"Korea, North",2,Denver,2,56424
Colorado,2012,1458,"Korea, North",5,Denver,5,58238
Colorado,2013,1789,"Korea, North",1,Denver,1,69926
Colorado,2014,1813,"Korea, North",0,Denver,0,69987
Colorado,2015,1730,"Korea, North",2,Denver,2,69933
Colorado,2016,1647,"Korea, North",1,Denver,1,84994
Colorado,2017,1144,"Korea, North",1,Denver,1,53716
Colorado,2018,486,"Korea, North",0,Denver,0,22491
Colorado,2009,1735,Liberia,6,Colorado Springs,1,74654
Colorado,2010,1969,Liberia,1,Colorado Springs,0,73309
Colorado,2011,1557,Liberia,3,Colorado Springs,3,56424
Colorado,2012,1458,Liberia,0,Colorado Springs,0,58238
Colorado,2013,1789,Liberia,0,Colorado Springs,0,69926
Colorado,2014,1813,Liberia,1,Colorado Springs,0,69987
Colorado,2015,1730,Liberia,0,Colorado Springs,0,69933
Colorado,2016,1647,Liberia,0,Colorado Springs,0,84994
Colorado,2017,1144,Liberia,0,Colorado Springs,0,53716
Colorado,2018,486,Liberia,0,Colorado Springs,0,22491
Colorado,2009,1735,Liberia,6,Commerce City,4,74654
Colorado,2010,1969,Liberia,1,Commerce City,0,73309
Colorado,2011,1557,Liberia,3,Commerce City,0,56424
Colorado,2012,1458,Liberia,0,Commerce City,0,58238
Colorado,2013,1789,Liberia,0,Commerce City,0,69926
Colorado,2014,1813,Liberia,1,Commerce City,0,69987
Colorado,2015,1730,Liberia,0,Commerce City,0,69933
Colorado,2016,1647,Liberia,0,Commerce City,0,84994
Colorado,2017,1144,Liberia,0,Commerce City,0,53716
Colorado,2018,486,Liberia,0,Commerce City,0,22491
Colorado,2009,1735,Liberia,6,Denver,0,74654
Colorado,2010,1969,Liberia,1,Denver,1,73309
Colorado,2011,1557,Liberia,3,Denver,0,56424
Colorado,2012,1458,Liberia,0,Denver,0,58238
Colorado,2013,1789,Liberia,0,Denver,0,69926
Colorado,2014,1813,Liberia,1,Denver,1,69987
Colorado,2015,1730,Liberia,0,Denver,0,69933
Colorado,2016,1647,Liberia,0,Denver,0,84994
Colorado,2017,1144,Liberia,0,Denver,0,53716
Colorado,2018,486,Liberia,0,Denver,0,22491
Colorado,2009,1735,Liberia,6,Glendale,1,74654
Colorado,2010,1969,Liberia,1,Glendale,0,73309
Colorado,2011,1557,Liberia,3,Glendale,0,56424
Colorado,2012,1458,Liberia,0,Glendale,0,58238
Colorado,2013,1789,Liberia,0,Glendale,0,69926
Colorado,2014,1813,Liberia,1,Glendale,0,69987
Colorado,2015,1730,Liberia,0,Glendale,0,69933
Colorado,2016,1647,Liberia,0,Glendale,0,84994
Colorado,2017,1144,Liberia,0,Glendale,0,53716
Colorado,2018,486,Liberia,0,Glendale,0,22491
Colorado,2009,1735,Libya,0,Denver,0,74654
Colorado,2010,1969,Libya,0,Denver,0,73309
Colorado,2011,1557,Libya,1,Denver,1,56424
Colorado,2012,1458,Libya,0,Denver,0,58238
Colorado,2013,1789,Libya,1,Denver,1,69926
Colorado,2014,1813,Libya,0,Denver,0,69987
Colorado,2015,1730,Libya,0,Denver,0,69933
Colorado,2016,1647,Libya,0,Denver,0,84994
Colorado,2017,1144,Libya,0,Denver,0,53716
Colorado,2018,486,Libya,0,Denver,0,22491
Colorado,2009,1735,Mali,0,Denver,0,74654
Colorado,2010,1969,Mali,0,Denver,0,73309
Colorado,2011,1557,Mali,0,Denver,0,56424
Colorado,2012,1458,Mali,0,Denver,0,58238
Colorado,2013,1789,Mali,0,Denver,0,69926
Colorado,2014,1813,Mali,0,Denver,0,69987
Colorado,2015,1730,Mali,0,Denver,0,69933
Colorado,2016,1647,Mali,0,Denver,0,84994
Colorado,2017,1144,Mali,1,Denver,1,53716
Colorado,2018,486,Mali,0,Denver,0,22491
Colorado,2009,1735,Mauritania,5,Denver,5,74654
Colorado,2010,1969,Mauritania,14,Denver,14,73309
Colorado,2011,1557,Mauritania,3,Denver,3,56424
Colorado,2012,1458,Mauritania,0,Denver,0,58238
Colorado,2013,1789,Mauritania,0,Denver,0,69926
Colorado,2014,1813,Mauritania,0,Denver,0,69987
Colorado,2015,1730,Mauritania,0,Denver,0,69933
Colorado,2016,1647,Mauritania,0,Denver,0,84994
Colorado,2017,1144,Mauritania,0,Denver,0,53716
Colorado,2018,486,Mauritania,0,Denver,0,22491
Colorado,2009,1735,Moldova,13,Arvada,0,74654
Colorado,2010,1969,Moldova,5,Arvada,1,73309
Colorado,2011,1557,Moldova,2,Arvada,0,56424
Colorado,2012,1458,Moldova,2,Arvada,0,58238
Colorado,2013,1789,Moldova,0,Arvada,0,69926
Colorado,2014,1813,Moldova,8,Arvada,7,69987
Colorado,2015,1730,Moldova,8,Arvada,0,69933
Colorado,2016,1647,Moldova,3,Arvada,0,84994
Colorado,2017,1144,Moldova,0,Arvada,0,53716
Colorado,2018,486,Moldova,0,Arvada,0,22491
Colorado,2009,1735,Moldova,13,Denver,0,74654
Colorado,2010,1969,Moldova,5,Denver,4,73309
Colorado,2011,1557,Moldova,2,Denver,2,56424
Colorado,2012,1458,Moldova,2,Denver,2,58238
Colorado,2013,1789,Moldova,0,Denver,0,69926
Colorado,2014,1813,Moldova,8,Denver,1,69987
Colorado,2015,1730,Moldova,8,Denver,8,69933
Colorado,2016,1647,Moldova,3,Denver,3,84994
Colorado,2017,1144,Moldova,0,Denver,0,53716
Colorado,2018,486,Moldova,0,Denver,0,22491
Colorado,2009,1735,Moldova,13,Westminster,13,74654
Colorado,2010,1969,Moldova,5,Westminster,0,73309
Colorado,2011,1557,Moldova,2,Westminster,0,56424
Colorado,2012,1458,Moldova,2,Westminster,0,58238
Colorado,2013,1789,Moldova,0,Westminster,0,69926
Colorado,2014,1813,Moldova,8,Westminster,0,69987
Colorado,2015,1730,Moldova,8,Westminster,0,69933
Colorado,2016,1647,Moldova,3,Westminster,0,84994
Colorado,2017,1144,Moldova,0,Westminster,0,53716
Colorado,2018,486,Moldova,0,Westminster,0,22491
Colorado,2009,1735,Nepal,0,Aurora,0,74654
Colorado,2010,1969,Nepal,0,Aurora,0,73309
Colorado,2011,1557,Nepal,0,Aurora,0,56424
Colorado,2012,1458,Nepal,1,Aurora,1,58238
Colorado,2013,1789,Nepal,0,Aurora,0,69926
Colorado,2014,1813,Nepal,3,Aurora,3,69987
Colorado,2015,1730,Nepal,1,Aurora,1,69933
Colorado,2016,1647,Nepal,0,Aurora,0,84994
Colorado,2017,1144,Nepal,0,Aurora,0,53716
Colorado,2018,486,Nepal,0,Aurora,0,22491
Colorado,2009,1735,Pakistan,0,Colorado Springs,0,74654
Colorado,2010,1969,Pakistan,0,Colorado Springs,0,73309
Colorado,2011,1557,Pakistan,0,Colorado Springs,0,56424
Colorado,2012,1458,Pakistan,3,Colorado Springs,0,58238
Colorado,2013,1789,Pakistan,0,Colorado Springs,0,69926
Colorado,2014,1813,Pakistan,0,Colorado Springs,0,69987
Colorado,2015,1730,Pakistan,0,Colorado Springs,0,69933
Colorado,2016,1647,Pakistan,3,Colorado Springs,3,84994
Colorado,2017,1144,Pakistan,9,Colorado Springs,0,53716
Colorado,2018,486,Pakistan,3,Colorado Springs,0,22491
Colorado,2009,1735,Pakistan,0,Denver,0,74654
Colorado,2010,1969,Pakistan,0,Denver,0,73309
Colorado,2011,1557,Pakistan,0,Denver,0,56424
Colorado,2012,1458,Pakistan,3,Denver,3,58238
Colorado,2013,1789,Pakistan,0,Denver,0,69926
Colorado,2014,1813,Pakistan,0,Denver,0,69987
Colorado,2015,1730,Pakistan,0,Denver,0,69933
Colorado,2016,1647,Pakistan,3,Denver,0,84994
Colorado,2017,1144,Pakistan,9,Denver,9,53716
Colorado,2018,486,Pakistan,3,Denver,3,22491
Colorado,2009,1735,Palestine,0,Denver,0,74654
Colorado,2010,1969,Palestine,1,Denver,1,73309
Colorado,2011,1557,Palestine,14,Denver,14,56424
Colorado,2012,1458,Palestine,11,Denver,11,58238
Colorado,2013,1789,Palestine,7,Denver,7,69926
Colorado,2014,1813,Palestine,0,Denver,0,69987
Colorado,2015,1730,Palestine,0,Denver,0,69933
Colorado,2016,1647,Palestine,8,Denver,8,84994
Colorado,2017,1144,Palestine,0,Denver,0,53716
Colorado,2018,486,Palestine,0,Denver,0,22491
Colorado,2009,1735,Republic of South Sudan,0,Boulder,0,74654
Colorado,2010,1969,Republic of South Sudan,0,Boulder,0,73309
Colorado,2011,1557,Republic of South Sudan,0,Boulder,0,56424
Colorado,2012,1458,Republic of South Sudan,0,Boulder,0,58238
Colorado,2013,1789,Republic of South Sudan,0,Boulder,0,69926
Colorado,2014,1813,Republic of South Sudan,0,Boulder,0,69987
Colorado,2015,1730,Republic of South Sudan,0,Boulder,0,69933
Colorado,2016,1647,Republic of South Sudan,6,Boulder,3,84994
Colorado,2017,1144,Republic of South Sudan,0,Boulder,0,53716
Colorado,2018,486,Republic of South Sudan,0,Boulder,0,22491
Colorado,2009,1735,Republic of South Sudan,0,Denver,0,74654
Colorado,2010,1969,Republic of South Sudan,0,Denver,0,73309
Colorado,2011,1557,Republic of South Sudan,0,Denver,0,56424
Colorado,2012,1458,Republic of South Sudan,0,Denver,0,58238
Colorado,2013,1789,Republic of South Sudan,0,Denver,0,69926
Colorado,2014,1813,Republic of South Sudan,0,Denver,0,69987
Colorado,2015,1730,Republic of South Sudan,0,Denver,0,69933
Colorado,2016,1647,Republic of South Sudan,6,Denver,3,84994
Colorado,2017,1144,Republic of South Sudan,0,Denver,0,53716
Colorado,2018,486,Republic of South Sudan,0,Denver,0,22491
Colorado,2009,1735,Russia,20,Arvada,6,74654
Colorado,2010,1969,Russia,7,Arvada,1,73309
Colorado,2011,1557,Russia,7,Arvada,0,56424
Colorado,2012,1458,Russia,6,Arvada,0,58238
Colorado,2013,1789,Russia,0,Arvada,0,69926
Colorado,2014,1813,Russia,5,Arvada,0,69987
Colorado,2015,1730,Russia,9,Arvada,0,69933
Colorado,2016,1647,Russia,1,Arvada,0,84994
Colorado,2017,1144,Russia,8,Arvada,7,53716
Colorado,2018,486,Russia,12,Arvada,0,22491
Colorado,2009,1735,Russia,20,Colorado Springs,0,74654
Colorado,2010,1969,Russia,7,Colorado Springs,0,73309
Colorado,2011,1557,Russia,7,Colorado Springs,5,56424
Colorado,2012,1458,Russia,6,Colorado Springs,0,58238
Colorado,2013,1789,Russia,0,Colorado Springs,0,69926
Colorado,2014,1813,Russia,5,Colorado Springs,0,69987
Colorado,2015,1730,Russia,9,Colorado Springs,0,69933
Colorado,2016,1647,Russia,1,Colorado Springs,1,84994
Colorado,2017,1144,Russia,8,Colorado Springs,0,53716
Colorado,2018,486,Russia,12,Colorado Springs,0,22491
Colorado,2009,1735,Russia,20,Commerce City,5,74654
Colorado,2010,1969,Russia,7,Commerce City,0,73309
Colorado,2011,1557,Russia,7,Commerce City,0,56424
Colorado,2012,1458,Russia,6,Commerce City,0,58238
Colorado,2013,1789,Russia,0,Commerce City,0,69926
Colorado,2014,1813,Russia,5,Commerce City,0,69987
Colorado,2015,1730,Russia,9,Commerce City,0,69933
Colorado,2016,1647,Russia,1,Commerce City,0,84994
Colorado,2017,1144,Russia,8,Commerce City,0,53716
Colorado,2018,486,Russia,12,Commerce City,0,22491
Colorado,2009,1735,Russia,20,Denver,9,74654
Colorado,2010,1969,Russia,7,Denver,6,73309
Colorado,2011,1557,Russia,7,Denver,2,56424
Colorado,2012,1458,Russia,6,Denver,6,58238
Colorado,2013,1789,Russia,0,Denver,0,69926
Colorado,2014,1813,Russia,5,Denver,5,69987
Colorado,2015,1730,Russia,9,Denver,9,69933
Colorado,2016,1647,Russia,1,Denver,0,84994
Colorado,2017,1144,Russia,8,Denver,1,53716
Colorado,2018,486,Russia,12,Denver,12,22491
Colorado,2009,1735,Rwanda,2,Aurora,0,74654
Colorado,2010,1969,Rwanda,13,Aurora,1,73309
Colorado,2011,1557,Rwanda,1,Aurora,0,56424
Colorado,2012,1458,Rwanda,10,Aurora,0,58238
Colorado,2013,1789,Rwanda,5,Aurora,0,69926
Colorado,2014,1813,Rwanda,8,Aurora,0,69987
Colorado,2015,1730,Rwanda,12,Aurora,0,69933
Colorado,2016,1647,Rwanda,2,Aurora,2,84994
Colorado,2017,1144,Rwanda,6,Aurora,0,53716
Colorado,2018,486,Rwanda,1,Aurora,1,22491
Colorado,2009,1735,Rwanda,2,Colorado Springs,0,74654
Colorado,2010,1969,Rwanda,13,Colorado Springs,0,73309
Colorado,2011,1557,Rwanda,1,Colorado Springs,0,56424
Colorado,2012,1458,Rwanda,10,Colorado Springs,0,58238
Colorado,2013,1789,Rwanda,5,Colorado Springs,0,69926
Colorado,2014,1813,Rwanda,8,Colorado Springs,3,69987
Colorado,2015,1730,Rwanda,12,Colorado Springs,0,69933
Colorado,2016,1647,Rwanda,2,Colorado Springs,0,84994
Colorado,2017,1144,Rwanda,6,Colorado Springs,3,53716
Colorado,2018,486,Rwanda,1,Colorado Springs,0,22491
Colorado,2009,1735,Rwanda,2,Denver,2,74654
Colorado,2010,1969,Rwanda,13,Denver,12,73309
Colorado,2011,1557,Rwanda,1,Denver,1,56424
Colorado,2012,1458,Rwanda,10,Denver,10,58238
Colorado,2013,1789,Rwanda,5,Denver,5,69926
Colorado,2014,1813,Rwanda,8,Denver,5,69987
Colorado,2015,1730,Rwanda,12,Denver,12,69933
Colorado,2016,1647,Rwanda,2,Denver,0,84994
Colorado,2017,1144,Rwanda,6,Denver,3,53716
Colorado,2018,486,Rwanda,1,Denver,0,22491
Colorado,2009,1735,Saudi Arabia,0,Denver,0,74654
Colorado,2010,1969,Saudi Arabia,0,Denver,0,73309
Colorado,2011,1557,Saudi Arabia,0,Denver,0,56424
Colorado,2012,1458,Saudi Arabia,0,Denver,0,58238
Colorado,2013,1789,Saudi Arabia,0,Denver,0,69926
Colorado,2014,1813,Saudi Arabia,0,Denver,0,69987
Colorado,2015,1730,Saudi Arabia,1,Denver,1,69933
Colorado,2016,1647,Saudi Arabia,0,Denver,0,84994
Colorado,2017,1144,Saudi Arabia,0,Denver,0,53716
Colorado,2018,486,Saudi Arabia,0,Denver,0,22491
Colorado,2009,1735,Senegal,0,Aurora,0,74654
Colorado,2010,1969,Senegal,0,Aurora,0,73309
Colorado,2011,1557,Senegal,0,Aurora,0,56424
Colorado,2012,1458,Senegal,2,Aurora,0,58238
Colorado,2013,1789,Senegal,0,Aurora,0,69926
Colorado,2014,1813,Senegal,0,Aurora,0,69987
Colorado,2015,1730,Senegal,1,Aurora,0,69933
Colorado,2016,1647,Senegal,1,Aurora,1,84994
Colorado,2017,1144,Senegal,0,Aurora,0,53716
Colorado,2018,486,Senegal,2,Aurora,0,22491
Colorado,2009,1735,Senegal,0,Denver,0,74654
Colorado,2010,1969,Senegal,0,Denver,0,73309
Colorado,2011,1557,Senegal,0,Denver,0,56424
Colorado,2012,1458,Senegal,2,Denver,2,58238
Colorado,2013,1789,Senegal,0,Denver,0,69926
Colorado,2014,1813,Senegal,0,Denver,0,69987
Colorado,2015,1730,Senegal,1,Denver,1,69933
Colorado,2016,1647,Senegal,1,Denver,0,84994
Colorado,2017,1144,Senegal,0,Denver,0,53716
Colorado,2018,486,Senegal,2,Denver,0,22491
Colorado,2009,1735,Senegal,0,Lakewood,0,74654
Colorado,2010,1969,Senegal,0,Lakewood,0,73309
Colorado,2011,1557,Senegal,0,Lakewood,0,56424
Colorado,2012,1458,Senegal,2,Lakewood,0,58238
Colorado,2013,1789,Senegal,0,Lakewood,0,69926
Colorado,2014,1813,Senegal,0,Lakewood,0,69987
Colorado,2015,1730,Senegal,1,Lakewood,0,69933
Colorado,2016,1647,Senegal,1,Lakewood,0,84994
Colorado,2017,1144,Senegal,0,Lakewood,0,53716
Colorado,2018,486,Senegal,2,Lakewood,2,22491
Colorado,2009,1735,Sierra Leone,1,Colorado Springs,1,74654
Colorado,2010,1969,Sierra Leone,1,Colorado Springs,0,73309
Colorado,2011,1557,Sierra Leone,0,Colorado Springs,0,56424
Colorado,2012,1458,Sierra Leone,0,Colorado Springs,0,58238
Colorado,2013,1789,Sierra Leone,0,Colorado Springs,0,69926
Colorado,2014,1813,Sierra Leone,0,Colorado Springs,0,69987
Colorado,2015,1730,Sierra Leone,0,Colorado Springs,0,69933
Colorado,2016,1647,Sierra Leone,0,Colorado Springs,0,84994
Colorado,2017,1144,Sierra Leone,0,Colorado Springs,0,53716
Colorado,2018,486,Sierra Leone,0,Colorado Springs,0,22491
Colorado,2009,1735,Sierra Leone,1,Denver,0,74654
Colorado,2010,1969,Sierra Leone,1,Denver,1,73309
Colorado,2011,1557,Sierra Leone,0,Denver,0,56424
Colorado,2012,1458,Sierra Leone,0,Denver,0,58238
Colorado,2013,1789,Sierra Leone,0,Denver,0,69926
Colorado,2014,1813,Sierra Leone,0,Denver,0,69987
Colorado,2015,1730,Sierra Leone,0,Denver,0,69933
Colorado,2016,1647,Sierra Leone,0,Denver,0,84994
Colorado,2017,1144,Sierra Leone,0,Denver,0,53716
Colorado,2018,486,Sierra Leone,0,Denver,0,22491
Colorado,2009,1735,Somalia,218,Aurora,8,74654
Colorado,2010,1969,Somalia,169,Aurora,4,73309
Colorado,2011,1557,Somalia,106,Aurora,4,56424
Colorado,2012,1458,Somalia,118,Aurora,7,58238
Colorado,2013,1789,Somalia,275,Aurora,2,69926
Colorado,2014,1813,Somalia,287,Aurora,1,69987
Colorado,2015,1730,Somalia,171,Aurora,2,69933
Colorado,2016,1647,Somalia,139,Aurora,4,84994
Colorado,2017,1144,Somalia,208,Aurora,8,53716
Colorado,2018,486,Somalia,6,Aurora,0,22491
Colorado,2009,1735,Somalia,218,Brush,0,74654
Colorado,2010,1969,Somalia,169,Brush,0,73309
Colorado,2011,1557,Somalia,106,Brush,4,56424
Colorado,2012,1458,Somalia,118,Brush,0,58238
Colorado,2013,1789,Somalia,275,Brush,0,69926
Colorado,2014,1813,Somalia,287,Brush,0,69987
Colorado,2015,1730,Somalia,171,Brush,0,69933
Colorado,2016,1647,Somalia,139,Brush,0,84994
Colorado,2017,1144,Somalia,208,Brush,0,53716
Colorado,2018,486,Somalia,6,Brush,0,22491
Colorado,2009,1735,Somalia,218,Colorado Springs,0,74654
Colorado,2010,1969,Somalia,169,Colorado Springs,0,73309
Colorado,2011,1557,Somalia,106,Colorado Springs,0,56424
Colorado,2012,1458,Somalia,118,Colorado Springs,1,58238
Colorado,2013,1789,Somalia,275,Colorado Springs,4,69926
Colorado,2014,1813,Somalia,287,Colorado Springs,0,69987
Colorado,2015,1730,Somalia,171,Colorado Springs,0,69933
Colorado,2016,1647,Somalia,139,Colorado Springs,1,84994
Colorado,2017,1144,Somalia,208,Colorado Springs,0,53716
Colorado,2018,486,Somalia,6,Colorado Springs,0,22491
Colorado,2009,1735,Somalia,218,Denver,182,74654
Colorado,2010,1969,Somalia,169,Denver,156,73309
Colorado,2011,1557,Somalia,106,Denver,77,56424
Colorado,2012,1458,Somalia,118,Denver,79,58238
Colorado,2013,1789,Somalia,275,Denver,238,69926
Colorado,2014,1813,Somalia,287,Denver,228,69987
Colorado,2015,1730,Somalia,171,Denver,117,69933
Colorado,2016,1647,Somalia,139,Denver,64,84994
Colorado,2017,1144,Somalia,208,Denver,113,53716
Colorado,2018,486,Somalia,6,Denver,6,22491
Colorado,2009,1735,Somalia,218,Englewood,1,74654
Colorado,2010,1969,Somalia,169,Englewood,0,73309
Colorado,2011,1557,Somalia,106,Englewood,0,56424
Colorado,2012,1458,Somalia,118,Englewood,0,58238
Colorado,2013,1789,Somalia,275,Englewood,0,69926
Colorado,2014,1813,Somalia,287,Englewood,0,69987
Colorado,2015,1730,Somalia,171,Englewood,0,69933
Colorado,2016,1647,Somalia,139,Englewood,0,84994
Colorado,2017,1144,Somalia,208,Englewood,0,53716
Colorado,2018,486,Somalia,6,Englewood,0,22491
Colorado,2009,1735,Somalia,218,Fort Morgan,5,74654
Colorado,2010,1969,Somalia,169,Fort Morgan,0,73309
Colorado,2011,1557,Somalia,106,Fort Morgan,0,56424
Colorado,2012,1458,Somalia,118,Fort Morgan,2,58238
Colorado,2013,1789,Somalia,275,Fort Morgan,0,69926
Colorado,2014,1813,Somalia,287,Fort Morgan,2,69987
Colorado,2015,1730,Somalia,171,Fort Morgan,1,69933
Colorado,2016,1647,Somalia,139,Fort Morgan,0,84994
Colorado,2017,1144,Somalia,208,Fort Morgan,10,53716
Colorado,2018,486,Somalia,6,Fort Morgan,0,22491
Colorado,2009,1735,Somalia,218,Greeley,22,74654
Colorado,2010,1969,Somalia,169,Greeley,9,73309
Colorado,2011,1557,Somalia,106,Greeley,21,56424
Colorado,2012,1458,Somalia,118,Greeley,29,58238
Colorado,2013,1789,Somalia,275,Greeley,30,69926
Colorado,2014,1813,Somalia,287,Greeley,46,69987
Colorado,2015,1730,Somalia,171,Greeley,51,69933
Colorado,2016,1647,Somalia,139,Greeley,70,84994
Colorado,2017,1144,Somalia,208,Greeley,22,53716
Colorado,2018,486,Somalia,6,Greeley,0,22491
Colorado,2009,1735,Somalia,218,Lakewood,0,74654
Colorado,2010,1969,Somalia,169,Lakewood,0,73309
Colorado,2011,1557,Somalia,106,Lakewood,0,56424
Colorado,2012,1458,Somalia,118,Lakewood,0,58238
Colorado,2013,1789,Somalia,275,Lakewood,1,69926
Colorado,2014,1813,Somalia,287,Lakewood,0,69987
Colorado,2015,1730,Somalia,171,Lakewood,0,69933
Colorado,2016,1647,Somalia,139,Lakewood,0,84994
Colorado,2017,1144,Somalia,208,Lakewood,55,53716
Colorado,2018,486,Somalia,6,Lakewood,0,22491
Colorado,2009,1735,Somalia,218,Thornton,0,74654
Colorado,2010,1969,Somalia,169,Thornton,0,73309
Colorado,2011,1557,Somalia,106,Thornton,0,56424
Colorado,2012,1458,Somalia,118,Thornton,0,58238
Colorado,2013,1789,Somalia,275,Thornton,0,69926
Colorado,2014,1813,Somalia,287,Thornton,10,69987
Colorado,2015,1730,Somalia,171,Thornton,0,69933
Colorado,2016,1647,Somalia,139,Thornton,0,84994
Colorado,2017,1144,Somalia,208,Thornton,0,53716
Colorado,2018,486,Somalia,6,Thornton,0,22491
Colorado,2009,1735,Sri Lanka (Ceylon),0,Aurora,0,74654
Colorado,2010,1969,Sri Lanka (Ceylon),3,Aurora,0,73309
Colorado,2011,1557,Sri Lanka (Ceylon),2,Aurora,2,56424
Colorado,2012,1458,Sri Lanka (Ceylon),4,Aurora,4,58238
Colorado,2013,1789,Sri Lanka (Ceylon),2,Aurora,0,69926
Colorado,2014,1813,Sri Lanka (Ceylon),2,Aurora,0,69987
Colorado,2015,1730,Sri Lanka (Ceylon),1,Aurora,0,69933
Colorado,2016,1647,Sri Lanka (Ceylon),0,Aurora,0,84994
Colorado,2017,1144,Sri Lanka (Ceylon),0,Aurora,0,53716
Colorado,2018,486,Sri Lanka (Ceylon),0,Aurora,0,22491
Colorado,2009,1735,Sri Lanka (Ceylon),0,Colorado Springs,0,74654
Colorado,2010,1969,Sri Lanka (Ceylon),3,Colorado Springs,0,73309
Colorado,2011,1557,Sri Lanka (Ceylon),2,Colorado Springs,0,56424
Colorado,2012,1458,Sri Lanka (Ceylon),4,Colorado Springs,0,58238
Colorado,2013,1789,Sri Lanka (Ceylon),2,Colorado Springs,0,69926
Colorado,2014,1813,Sri Lanka (Ceylon),2,Colorado Springs,0,69987
Colorado,2015,1730,Sri Lanka (Ceylon),1,Colorado Springs,1,69933
Colorado,2016,1647,Sri Lanka (Ceylon),0,Colorado Springs,0,84994
Colorado,2017,1144,Sri Lanka (Ceylon),0,Colorado Springs,0,53716
Colorado,2018,486,Sri Lanka (Ceylon),0,Colorado Springs,0,22491
Colorado,2009,1735,Sri Lanka (Ceylon),0,Denver,0,74654
Colorado,2010,1969,Sri Lanka (Ceylon),3,Denver,3,73309
Colorado,2011,1557,Sri Lanka (Ceylon),2,Denver,0,56424
Colorado,2012,1458,Sri Lanka (Ceylon),4,Denver,0,58238
Colorado,2013,1789,Sri Lanka (Ceylon),2,Denver,2,69926
Colorado,2014,1813,Sri Lanka (Ceylon),2,Denver,2,69987
Colorado,2015,1730,Sri Lanka (Ceylon),1,Denver,0,69933
Colorado,2016,1647,Sri Lanka (Ceylon),0,Denver,0,84994
Colorado,2017,1144,Sri Lanka (Ceylon),0,Denver,0,53716
Colorado,2018,486,Sri Lanka (Ceylon),0,Denver,0,22491
Colorado,2009,1735,Sudan,13,Aurora,0,74654
Colorado,2010,1969,Sudan,18,Aurora,3,73309
Colorado,2011,1557,Sudan,13,Aurora,0,56424
Colorado,2012,1458,Sudan,30,Aurora,5,58238
Colorado,2013,1789,Sudan,59,Aurora,0,69926
Colorado,2014,1813,Sudan,45,Aurora,0,69987
Colorado,2015,1730,Sudan,18,Aurora,0,69933
Colorado,2016,1647,Sudan,6,Aurora,0,84994
Colorado,2017,1144,Sudan,6,Aurora,0,53716
Colorado,2018,486,Sudan,0,Aurora,0,22491
Colorado,2009,1735,Sudan,13,Boulder,0,74654
Colorado,2010,1969,Sudan,18,Boulder,0,73309
Colorado,2011,1557,Sudan,13,Boulder,0,56424
Colorado,2012,1458,Sudan,30,Boulder,0,58238
Colorado,2013,1789,Sudan,59,Boulder,8,69926
Colorado,2014,1813,Sudan,45,Boulder,0,69987
Colorado,2015,1730,Sudan,18,Boulder,0,69933
Colorado,2016,1647,Sudan,6,Boulder,0,84994
Colorado,2017,1144,Sudan,6,Boulder,0,53716
Colorado,2018,486,Sudan,0,Boulder,0,22491
Colorado,2009,1735,Sudan,13,Colorado Springs,0,74654
Colorado,2010,1969,Sudan,18,Colorado Springs,0,73309
Colorado,2011,1557,Sudan,13,Colorado Springs,0,56424
Colorado,2012,1458,Sudan,30,Colorado Springs,0,58238
Colorado,2013,1789,Sudan,59,Colorado Springs,0,69926
Colorado,2014,1813,Sudan,45,Colorado Springs,0,69987
Colorado,2015,1730,Sudan,18,Colorado Springs,0,69933
Colorado,2016,1647,Sudan,6,Colorado Springs,0,84994
Colorado,2017,1144,Sudan,6,Colorado Springs,4,53716
Colorado,2018,486,Sudan,0,Colorado Springs,0,22491
Colorado,2009,1735,Sudan,13,Denver,13,74654
Colorado,2010,1969,Sudan,18,Denver,15,73309
Colorado,2011,1557,Sudan,13,Denver,13,56424
Colorado,2012,1458,Sudan,30,Denver,18,58238
Colorado,2013,1789,Sudan,59,Denver,51,69926
Colorado,2014,1813,Sudan,45,Denver,42,69987
Colorado,2015,1730,Sudan,18,Denver,18,69933
Colorado,2016,1647,Sudan,6,Denver,6,84994
Colorado,2017,1144,Sudan,6,Denver,1,53716
Colorado,2018,486,Sudan,0,Denver,0,22491
Colorado,2009,1735,Sudan,13,Greeley,0,74654
Colorado,2010,1969,Sudan,18,Greeley,0,73309
Colorado,2011,1557,Sudan,13,Greeley,0,56424
Colorado,2012,1458,Sudan,30,Greeley,3,58238
Colorado,2013,1789,Sudan,59,Greeley,0,69926
Colorado,2014,1813,Sudan,45,Greeley,0,69987
Colorado,2015,1730,Sudan,18,Greeley,0,69933
Colorado,2016,1647,Sudan,6,Greeley,0,84994
Colorado,2017,1144,Sudan,6,Greeley,0,53716
Colorado,2018,486,Sudan,0,Greeley,0,22491
Colorado,2009,1735,Sudan,13,Lakewood,0,74654
Colorado,2010,1969,Sudan,18,Lakewood,0,73309
Colorado,2011,1557,Sudan,13,Lakewood,0,56424
Colorado,2012,1458,Sudan,30,Lakewood,4,58238
Colorado,2013,1789,Sudan,59,Lakewood,0,69926
Colorado,2014,1813,Sudan,45,Lakewood,3,69987
Colorado,2015,1730,Sudan,18,Lakewood,0,69933
Colorado,2016,1647,Sudan,6,Lakewood,0,84994
Colorado,2017,1144,Sudan,6,Lakewood,1,53716
Colorado,2018,486,Sudan,0,Lakewood,0,22491
Colorado,2009,1735,Syria,0,Colorado Springs,0,74654
Colorado,2010,1969,Syria,0,Colorado Springs,0,73309
Colorado,2011,1557,Syria,0,Colorado Springs,0,56424
Colorado,2012,1458,Syria,0,Colorado Springs,0,58238
Colorado,2013,1789,Syria,3,Colorado Springs,0,69926
Colorado,2014,1813,Syria,1,Colorado Springs,1,69987
Colorado,2015,1730,Syria,5,Colorado Springs,0,69933
Colorado,2016,1647,Syria,120,Colorado Springs,0,84994
Colorado,2017,1144,Syria,122,Colorado Springs,0,53716
Colorado,2018,486,Syria,0,Colorado Springs,0,22491
Colorado,2009,1735,Syria,0,Denver,0,74654
Colorado,2010,1969,Syria,0,Denver,0,73309
Colorado,2011,1557,Syria,0,Denver,0,56424
Colorado,2012,1458,Syria,0,Denver,0,58238
Colorado,2013,1789,Syria,3,Denver,3,69926
Colorado,2014,1813,Syria,1,Denver,0,69987
Colorado,2015,1730,Syria,5,Denver,5,69933
Colorado,2016,1647,Syria,120,Denver,115,84994
Colorado,2017,1144,Syria,122,Denver,69,53716
Colorado,2018,486,Syria,0,Denver,0,22491
Colorado,2009,1735,Syria,0,Lakewood,0,74654
Colorado,2010,1969,Syria,0,Lakewood,0,73309
Colorado,2011,1557,Syria,0,Lakewood,0,56424
Colorado,2012,1458,Syria,0,Lakewood,0,58238
Colorado,2013,1789,Syria,3,Lakewood,0,69926
Colorado,2014,1813,Syria,1,Lakewood,0,69987
Colorado,2015,1730,Syria,5,Lakewood,0,69933
Colorado,2016,1647,Syria,120,Lakewood,0,84994
Colorado,2017,1144,Syria,122,Lakewood,53,53716
Colorado,2018,486,Syria,0,Lakewood,0,22491
Colorado,2009,1735,Syria,0,Thornton,0,74654
Colorado,2010,1969,Syria,0,Thornton,0,73309
Colorado,2011,1557,Syria,0,Thornton,0,56424
Colorado,2012,1458,Syria,0,Thornton,0,58238
Colorado,2013,1789,Syria,3,Thornton,0,69926
Colorado,2014,1813,Syria,1,Thornton,0,69987
Colorado,2015,1730,Syria,5,Thornton,0,69933
Colorado,2016,1647,Syria,120,Thornton,5,84994
Colorado,2017,1144,Syria,122,Thornton,0,53716
Colorado,2018,486,Syria,0,Thornton,0,22491
Colorado,2009,1735,Tibet,0,Denver,0,74654
Colorado,2010,1969,Tibet,0,Denver,0,73309
Colorado,2011,1557,Tibet,0,Denver,0,56424
Colorado,2012,1458,Tibet,5,Denver,5,58238
Colorado,2013,1789,Tibet,15,Denver,15,69926
Colorado,2014,1813,Tibet,0,Denver,0,69987
Colorado,2015,1730,Tibet,0,Denver,0,69933
Colorado,2016,1647,Tibet,1,Denver,1,84994
Colorado,2017,1144,Tibet,0,Denver,0,53716
Colorado,2018,486,Tibet,0,Denver,0,22491
Colorado,2009,1735,Turkmenistan,3,Denver,3,74654
Colorado,2010,1969,Turkmenistan,0,Denver,0,73309
Colorado,2011,1557,Turkmenistan,0,Denver,0,56424
Colorado,2012,1458,Turkmenistan,0,Denver,0,58238
Colorado,2013,1789,Turkmenistan,0,Denver,0,69926
Colorado,2014,1813,Turkmenistan,0,Denver,0,69987
Colorado,2015,1730,Turkmenistan,0,Denver,0,69933
Colorado,2016,1647,Turkmenistan,0,Denver,0,84994
Colorado,2017,1144,Turkmenistan,0,Denver,0,53716
Colorado,2018,486,Turkmenistan,0,Denver,0,22491
Colorado,2009,1735,Uganda,0,Denver,0,74654
Colorado,2010,1969,Uganda,1,Denver,1,73309
Colorado,2011,1557,Uganda,0,Denver,0,56424
Colorado,2012,1458,Uganda,0,Denver,0,58238
Colorado,2013,1789,Uganda,2,Denver,2,69926
Colorado,2014,1813,Uganda,0,Denver,0,69987
Colorado,2015,1730,Uganda,3,Denver,2,69933
Colorado,2016,1647,Uganda,0,Denver,0,84994
Colorado,2017,1144,Uganda,1,Denver,1,53716
Colorado,2018,486,Uganda,3,Denver,0,22491
Colorado,2009,1735,Uganda,0,Greeley,0,74654
Colorado,2010,1969,Uganda,1,Greeley,0,73309
Colorado,2011,1557,Uganda,0,Greeley,0,56424
Colorado,2012,1458,Uganda,0,Greeley,0,58238
Colorado,2013,1789,Uganda,2,Greeley,0,69926
Colorado,2014,1813,Uganda,0,Greeley,0,69987
Colorado,2015,1730,Uganda,3,Greeley,1,69933
Colorado,2016,1647,Uganda,0,Greeley,0,84994
Colorado,2017,1144,Uganda,1,Greeley,0,53716
Colorado,2018,486,Uganda,3,Greeley,0,22491
Colorado,2009,1735,Uganda,0,Lakewood,0,74654
Colorado,2010,1969,Uganda,1,Lakewood,0,73309
Colorado,2011,1557,Uganda,0,Lakewood,0,56424
Colorado,2012,1458,Uganda,0,Lakewood,0,58238
Colorado,2013,1789,Uganda,2,Lakewood,0,69926
Colorado,2014,1813,Uganda,0,Lakewood,0,69987
Colorado,2015,1730,Uganda,3,Lakewood,0,69933
Colorado,2016,1647,Uganda,0,Lakewood,0,84994
Colorado,2017,1144,Uganda,1,Lakewood,0,53716
Colorado,2018,486,Uganda,3,Lakewood,3,22491
Colorado,2009,1735,Ukraine,4,Arvada,1,74654
Colorado,2010,1969,Ukraine,7,Arvada,4,73309
Colorado,2011,1557,Ukraine,7,Arvada,0,56424
Colorado,2012,1458,Ukraine,0,Arvada,0,58238
Colorado,2013,1789,Ukraine,7,Arvada,0,69926
Colorado,2014,1813,Ukraine,10,Arvada,4,69987
Colorado,2015,1730,Ukraine,44,Arvada,0,69933
Colorado,2016,1647,Ukraine,43,Arvada,1,84994
Colorado,2017,1144,Ukraine,30,Arvada,0,53716
Colorado,2018,486,Ukraine,8,Arvada,0,22491
Colorado,2009,1735,Ukraine,4,Aurora,0,74654
Colorado,2010,1969,Ukraine,7,Aurora,0,73309
Colorado,2011,1557,Ukraine,7,Aurora,0,56424
Colorado,2012,1458,Ukraine,0,Aurora,0,58238
Colorado,2013,1789,Ukraine,7,Aurora,0,69926
Colorado,2014,1813,Ukraine,10,Aurora,0,69987
Colorado,2015,1730,Ukraine,44,Aurora,2,69933
Colorado,2016,1647,Ukraine,43,Aurora,13,84994
Colorado,2017,1144,Ukraine,30,Aurora,0,53716
Colorado,2018,486,Ukraine,8,Aurora,0,22491
Colorado,2009,1735,Ukraine,4,Colorado Springs,0,74654
Colorado,2010,1969,Ukraine,7,Colorado Springs,0,73309
Colorado,2011,1557,Ukraine,7,Colorado Springs,0,56424
Colorado,2012,1458,Ukraine,0,Colorado Springs,0,58238
Colorado,2013,1789,Ukraine,7,Colorado Springs,0,69926
Colorado,2014,1813,Ukraine,10,Colorado Springs,0,69987
Colorado,2015,1730,Ukraine,44,Colorado Springs,0,69933
Colorado,2016,1647,Ukraine,43,Colorado Springs,0,84994
Colorado,2017,1144,Ukraine,30,Colorado Springs,3,53716
Colorado,2018,486,Ukraine,8,Colorado Springs,0,22491
Colorado,2009,1735,Ukraine,4,Commerce City,0,74654
Colorado,2010,1969,Ukraine,7,Commerce City,2,73309
Colorado,2011,1557,Ukraine,7,Commerce City,0,56424
Colorado,2012,1458,Ukraine,0,Commerce City,0,58238
Colorado,2013,1789,Ukraine,7,Commerce City,0,69926
Colorado,2014,1813,Ukraine,10,Commerce City,0,69987
Colorado,2015,1730,Ukraine,44,Commerce City,4,69933
Colorado,2016,1647,Ukraine,43,Commerce City,0,84994
Colorado,2017,1144,Ukraine,30,Commerce City,0,53716
Colorado,2018,486,Ukraine,8,Commerce City,0,22491
Colorado,2009,1735,Ukraine,4,Denver,2,74654
Colorado,2010,1969,Ukraine,7,Denver,1,73309
Colorado,2011,1557,Ukraine,7,Denver,7,56424
Colorado,2012,1458,Ukraine,0,Denver,0,58238
Colorado,2013,1789,Ukraine,7,Denver,7,69926
Colorado,2014,1813,Ukraine,10,Denver,5,69987
Colorado,2015,1730,Ukraine,44,Denver,38,69933
Colorado,2016,1647,Ukraine,43,Denver,26,84994
Colorado,2017,1144,Ukraine,30,Denver,27,53716
Colorado,2018,486,Ukraine,8,Denver,8,22491
Colorado,2009,1735,Ukraine,4,Henderson,0,74654
Colorado,2010,1969,Ukraine,7,Henderson,0,73309
Colorado,2011,1557,Ukraine,7,Henderson,0,56424
Colorado,2012,1458,Ukraine,0,Henderson,0,58238
Colorado,2013,1789,Ukraine,7,Henderson,0,69926
Colorado,2014,1813,Ukraine,10,Henderson,0,69987
Colorado,2015,1730,Ukraine,44,Henderson,0,69933
Colorado,2016,1647,Ukraine,43,Henderson,2,84994
Colorado,2017,1144,Ukraine,30,Henderson,0,53716
Colorado,2018,486,Ukraine,8,Henderson,0,22491
Colorado,2009,1735,Ukraine,4,Lakewood,0,74654
Colorado,2010,1969,Ukraine,7,Lakewood,0,73309
Colorado,2011,1557,Ukraine,7,Lakewood,0,56424
Colorado,2012,1458,Ukraine,0,Lakewood,0,58238
Colorado,2013,1789,Ukraine,7,Lakewood,0,69926
Colorado,2014,1813,Ukraine,10,Lakewood,0,69987
Colorado,2015,1730,Ukraine,44,Lakewood,0,69933
Colorado,2016,1647,Ukraine,43,Lakewood,1,84994
Colorado,2017,1144,Ukraine,30,Lakewood,0,53716
Colorado,2018,486,Ukraine,8,Lakewood,0,22491
Colorado,2009,1735,Ukraine,4,Northglenn,1,74654
Colorado,2010,1969,Ukraine,7,Northglenn,0,73309
Colorado,2011,1557,Ukraine,7,Northglenn,0,56424
Colorado,2012,1458,Ukraine,0,Northglenn,0,58238
Colorado,2013,1789,Ukraine,7,Northglenn,0,69926
Colorado,2014,1813,Ukraine,10,Northglenn,0,69987
Colorado,2015,1730,Ukraine,44,Northglenn,0,69933
Colorado,2016,1647,Ukraine,43,Northglenn,0,84994
Colorado,2017,1144,Ukraine,30,Northglenn,0,53716
Colorado,2018,486,Ukraine,8,Northglenn,0,22491
Colorado,2009,1735,Ukraine,4,Westminster,0,74654
Colorado,2010,1969,Ukraine,7,Westminster,0,73309
Colorado,2011,1557,Ukraine,7,Westminster,0,56424
Colorado,2012,1458,Ukraine,0,Westminster,0,58238
Colorado,2013,1789,Ukraine,7,Westminster,0,69926
Colorado,2014,1813,Ukraine,10,Westminster,1,69987
Colorado,2015,1730,Ukraine,44,Westminster,0,69933
Colorado,2016,1647,Ukraine,43,Westminster,0,84994
Colorado,2017,1144,Ukraine,30,Westminster,0,53716
Colorado,2018,486,Ukraine,8,Westminster,0,22491
Colorado,2009,1735,Uzbekistan,6,Denver,6,74654
Colorado,2010,1969,Uzbekistan,0,Denver,0,73309
Colorado,2011,1557,Uzbekistan,2,Denver,2,56424
Colorado,2012,1458,Uzbekistan,0,Denver,0,58238
Colorado,2013,1789,Uzbekistan,0,Denver,0,69926
Colorado,2014,1813,Uzbekistan,0,Denver,0,69987
Colorado,2015,1730,Uzbekistan,0,Denver,0,69933
Colorado,2016,1647,Uzbekistan,0,Denver,0,84994
Colorado,2017,1144,Uzbekistan,0,Denver,0,53716
Colorado,2018,486,Uzbekistan,0,Denver,0,22491
Colorado,2009,1735,Vietnam,27,Aurora,4,74654
Colorado,2010,1969,Vietnam,14,Aurora,0,73309
Colorado,2011,1557,Vietnam,0,Aurora,0,56424
Colorado,2012,1458,Vietnam,0,Aurora,0,58238
Colorado,2013,1789,Vietnam,0,Aurora,0,69926
Colorado,2014,1813,Vietnam,0,Aurora,0,69987
Colorado,2015,1730,Vietnam,0,Aurora,0,69933
Colorado,2016,1647,Vietnam,0,Aurora,0,84994
Colorado,2017,1144,Vietnam,0,Aurora,0,53716
Colorado,2018,486,Vietnam,0,Aurora,0,22491
Colorado,2009,1735,Vietnam,27,Broomfield,4,74654
Colorado,2010,1969,Vietnam,14,Broomfield,3,73309
Colorado,2011,1557,Vietnam,0,Broomfield,0,56424
Colorado,2012,1458,Vietnam,0,Broomfield,0,58238
Colorado,2013,1789,Vietnam,0,Broomfield,0,69926
Colorado,2014,1813,Vietnam,0,Broomfield,0,69987
Colorado,2015,1730,Vietnam,0,Broomfield,0,69933
Colorado,2016,1647,Vietnam,0,Broomfield,0,84994
Colorado,2017,1144,Vietnam,0,Broomfield,0,53716
Colorado,2018,486,Vietnam,0,Broomfield,0,22491
Colorado,2009,1735,Vietnam,27,Denver,18,74654
Colorado,2010,1969,Vietnam,14,Denver,11,73309
Colorado,2011,1557,Vietnam,0,Denver,0,56424
Colorado,2012,1458,Vietnam,0,Denver,0,58238
Colorado,2013,1789,Vietnam,0,Denver,0,69926
Colorado,2014,1813,Vietnam,0,Denver,0,69987
Colorado,2015,1730,Vietnam,0,Denver,0,69933
Colorado,2016,1647,Vietnam,0,Denver,0,84994
Colorado,2017,1144,Vietnam,0,Denver,0,53716
Colorado,2018,486,Vietnam,0,Denver,0,22491
Colorado,2009,1735,Vietnam,27,Westminster,1,74654
Colorado,2010,1969,Vietnam,14,Westminster,0,73309
Colorado,2011,1557,Vietnam,0,Westminster,0,56424
Colorado,2012,1458,Vietnam,0,Westminster,0,58238
Colorado,2013,1789,Vietnam,0,Westminster,0,69926
Colorado,2014,1813,Vietnam,0,Westminster,0,69987
Colorado,2015,1730,Vietnam,0,Westminster,0,69933
Colorado,2016,1647,Vietnam,0,Westminster,0,84994
Colorado,2017,1144,Vietnam,0,Westminster,0,53716
Colorado,2018,486,Vietnam,0,Westminster,0,22491
Colorado,2009,1735,Yemen,0,Lakewood,0,74654
Colorado,2010,1969,Yemen,0,Lakewood,0,73309
Colorado,2011,1557,Yemen,0,Lakewood,0,56424
Colorado,2012,1458,Yemen,0,Lakewood,0,58238
Colorado,2013,1789,Yemen,0,Lakewood,0,69926
Colorado,2014,1813,Yemen,0,Lakewood,0,69987
Colorado,2015,1730,Yemen,0,Lakewood,0,69933
Colorado,2016,1647,Yemen,0,Lakewood,0,84994
Colorado,2017,1144,Yemen,1,Lakewood,1,53716
Colorado,2018,486,Yemen,0,Lakewood,0,22491
Colorado,2009,1735,Zimbabwe,0,Denver,0,74654
Colorado,2010,1969,Zimbabwe,5,Denver,5,73309
Colorado,2011,1557,Zimbabwe,0,Denver,0,56424
Colorado,2012,1458,Zimbabwe,0,Denver,0,58238
Colorado,2013,1789,Zimbabwe,0,Denver,0,69926
Colorado,2014,1813,Zimbabwe,0,Denver,0,69987
Colorado,2015,1730,Zimbabwe,1,Denver,1,69933
Colorado,2016,1647,Zimbabwe,0,Denver,0,84994
Colorado,2017,1144,Zimbabwe,0,Denver,0,53716
Colorado,2018,486,Zimbabwe,1,Denver,1,22491